fname,lname,name,citizen,village,sex,age,yob,dthmdy,deathtime,ddthtime,dthmondd,deathdate,deathnote,deathclsnt,deathtype,deathhgtm,deathclass,ams,weather,msuccess,o2used,o2none,myear,mseason,yearseas,msmtbid,msmtterm,expldr,hired,sherpa,tibetan,expid,membid,peakid,host,deathrte,route1,route2,agency,agntid,peakexps,peakabvbc,peaksmts,allexps,allabvbc,allsmts,highexps,highabvbc,highsmts,maxhighpt,maxpeakid
Alexander Mitchell,Kellas,Alexander Mitchell Kellas,UK,,M,52,1868,5-Jun-21,,0,5-Jun,6/5/21,Illness (non-AMS) (5700m)(e),Death enroute BC,10,5700,1,0,0,0,0,1,1921,1,1921 Spr,No summit bid,Did Not Climb or Intend to Smt,UK (C. K. Howard-Bury),0,0,0,EVER-211-01,4,EVER,China,0,,,,,0,0,0,6,4,2,1,0,0,6965,LNPO
,Unknown,Unknown,India,,M,0,,30-Jun-21,,0,30-Jun,6/30/21,Illness (non-AMS) (4300m)(e),Death enroute BC,10,4300,1,0,0,0,0,1,1921,1,1921 Spr,No summit bid,Did Not Climb or Intend to Smt,UK (C. K. Howard-Bury),1,0,0,EVER-211-01,13,EVER,China,0,,,,,0,0,0,4,4,0,4,4,0,6300,KANG
Dorje,Sherpa,Dorje Sherpa,Nepal,,M,0,,7-Jun-22,13:30,13.5,7-Jun,6/7/22,Avalanche (6800m),Route preparation,7,6800,3,0,0,0,0,1,1922,1,1922 Spr,No summit bid,Accident (Death or Injury to Self or Others),UK (Charles G. Bruce),1,1,0,EVER-221-01,16,EVER,China,1,N Col-N Face,,,,0,0,0,0,0,0,0,0,0,0,
Lhakpa,Sherpa,Lhakpa Sherpa,Nepal,,M,0,,7-Jun-22,13:30,13.5,7-Jun,6/7/22,Avalanche (6800m),Route preparation,7,6800,3,0,0,0,0,1,1922,1,1922 Spr,No summit bid,Accident (Death or Injury to Self or Others),UK (Charles G. Bruce),1,1,0,EVER-221-01,17,EVER,China,1,N Col-N Face,,,,0,0,0,0,0,0,0,0,0,0,
Norbu,Sherpa,Norbu Sherpa,Nepal,,M,0,,7-Jun-22,13:30,13.5,7-Jun,6/7/22,Avalanche (6800m),Route preparation,7,6800,3,0,0,0,0,1,1922,1,1922 Spr,No summit bid,Accident (Death or Injury to Self or Others),UK (Charles G. Bruce),1,1,0,EVER-221-01,18,EVER,China,1,N Col-N Face,,,,0,0,0,0,0,0,0,0,0,0,
Pasang,Sherpa,Pasang Sherpa,Nepal,,M,0,,7-Jun-22,13:30,13.5,7-Jun,6/7/22,Avalanche (6800m),Route preparation,7,6800,3,0,0,0,0,1,1922,1,1922 Spr,No summit bid,Accident (Death or Injury to Self or Others),UK (Charles G. Bruce),1,1,0,EVER-221-01,19,EVER,China,1,N Col-N Face,,,,0,0,0,0,0,0,0,0,0,0,
Pema,Sherpa,Pema Sherpa,Nepal,,M,0,,7-Jun-22,13:30,13.5,7-Jun,6/7/22,Avalanche (6800m),Route preparation,7,6800,3,0,0,0,0,1,1922,1,1922 Spr,No summit bid,Accident (Death or Injury to Self or Others),UK (Charles G. Bruce),1,1,0,EVER-221-01,20,EVER,China,1,N Col-N Face,,,,0,0,0,0,0,0,0,0,0,0,
Sange,Sherpa,Sange Sherpa,Nepal,,M,0,,7-Jun-22,13:30,13.5,7-Jun,6/7/22,Avalanche (6800m),Route preparation,7,6800,3,0,0,0,0,1,1922,1,1922 Spr,No summit bid,Accident (Death or Injury to Self or Others),UK (Charles G. Bruce),1,1,0,EVER-221-01,21,EVER,China,1,N Col-N Face,,,,0,0,0,0,0,0,0,0,0,0,
Temba,Sherpa,Temba Sherpa,Nepal,,M,0,,7-Jun-22,13:30,13.5,7-Jun,6/7/22,Avalanche (6800m),Route preparation,7,6800,3,0,0,0,0,1,1922,1,1922 Spr,No summit bid,Accident (Death or Injury to Self or Others),UK (Charles G. Bruce),1,1,0,EVER-221-01,22,EVER,China,1,N Col-N Face,,,,0,0,0,0,0,0,0,0,0,0,
Shamsher,Pun,Shamsher Pun,Nepal,,M,0,,13-May-24,,0,13-May,5/13/24,AMS (5300m)(a),Death at BC,1,5300,2,1,0,0,0,1,1924,1,1924 Spr,No summit bid,Did Not Climb or Intend to Smt,UK (Edward F. Norton),1,0,0,EVER-241-01,13,EVER,China,0,,,,,0,0,0,0,0,0,0,0,0,0,
Man Bahadur,,Man Bahadur,Nepal,,M,0,,25-May-24,,0,25-May,5/25/24,Exposure/Frostbite (5000m),Death at BC,3,5000,2,0,0,0,0,1,1924,1,1924 Spr,No summit bid,Accident (Death or Injury to Self or Others),UK (Edward F. Norton),1,0,0,EVER-241-01,12,EVER,China,0,,,,,0,0,0,0,0,0,0,0,0,0,
Andrew Comyn (Sandy),Irvine,Andrew Comyn (Sandy) Irvine,UK,,M,22,1902,8-Jun-24,,0,8-Jun,6/8/24,Disappearance(8200m),Ascending in summit bid,9,8200,4,0,0,0,1,0,1924,1,1924 Spr,Aborted above high camp,Accident (Death or Injury to Self or Others),UK (Edward F. Norton),0,0,0,EVER-241-01,6,EVER,China,2,N Col-NE Ridge (Mallory to 8450m+),,,,0,0,0,0,0,0,0,0,0,0,
George Herbert Leigh,Mallory,George Herbert Leigh Mallory,UK,,M,37,1886,8-Jun-24,,0,8-Jun,6/8/24,Fall (8160m),Ascending in summit bid,4,8160,4,0,0,0,1,0,1924,1,1924 Spr,Aborted above high camp,Accident (Death or Injury to Self or Others),UK (Edward F. Norton),0,0,0,EVER-241-01,7,EVER,China,2,N Col-NE Ridge (Mallory to 8450m+),,,,2,2,0,2,2,0,2,2,0,8170,EVER
Maurice,Wilson,Maurice Wilson,UK,,M,36,1898,1-Jun-34,,0,1-Jun,6/1/34,Exposure/Frostbite (6500m),Route preparation,3,6500,3,0,0,0,0,1,1934,1,1934 Spr,No summit bid,Accident (Death or Injury to Self or Others),UK (Maurice Wilson),0,0,0,EVER-341-01,1,EVER,China,1,N Col,,,,0,0,0,0,0,0,0,0,0,0,
Mingma Dorje,Sherpa,Mingma Dorje Sherpa,Nepal,,M,0,,31-Oct-52,10:00,10,31-Oct,10/31/52,Falling Rock/Ice (6950m),Route preparation,8,6950,3,0,0,0,0,1,1952,3,1952 Aut,No summit bid,Accident (Death or Injury to Self or Others),Switzerland (Gabriel Chevalley),1,1,0,EVER-523-01,17,EVER,Nepal,1,S Col-SE Ridge,,,,1,1,0,1,1,0,1,1,0,7950,EVER
Ji,Wang,Ji Wang,China,,M,0,,Spr 1960,,0,,  -   -,AMS (6400m)(a),Route preparation,1,6400,3,1,0,0,0,0,1960,1,1960 Spr,,,China (Shi Zhang-Chun),0,0,0,EVER-601-02,22,EVER,China,1,N Col-NE Ridge,,,,0,0,0,0,0,0,0,0,0,0,
Nawang Tshering,Sherpa,Nawang Tshering Sherpa,Nepal,,M,0,,27-Apr-62,16:00,16,27-Apr,4/27/62,Falling Rock/Ice (6700m),Route preparation,8,6700,3,0,0,0,0,1,1962,1,1962 Spr,No summit bid,Accident (Death or Injury to Self or Others),India (John Dias),1,1,0,EVER-621-01,19,EVER,Nepal,1,S Col-SE Ridge,,,,0,0,0,0,0,0,0,0,0,0,
John Edgar (Jake),Breitenbach,John Edgar (Jake) Breitenbach,USA,,M,27,1935,23-Mar-63,14:00,14,23-Mar,3/23/63,Icefall Collapse (5800m),Route preparation,6,5800,3,0,0,0,0,1,1963,1,1963 Spr,No summit bid,Did Not Climb or Intend to Smt,USA (Norman Dyhrenfurth),0,0,0,EVER-631-01,5,EVER,Nepal,1,S Col-SE Ridge,,,,0,0,0,0,0,0,0,0,0,0,
Zhi-Qing,Shou,Zhi-Qing Shou,China,,M,0,,Spr 1964,,0,,  -   -,AMS (7000m)(a),Route preparation,1,7000,3,1,0,0,0,0,1964,1,1964 Spr,,,China (Xu Jing),0,0,0,EVER-641-01,2,EVER,China,1,N Col-NE Ridge (training),,,,0,0,0,0,0,0,0,0,0,0,
Gao-Shu,Ma,Gao-Shu Ma,China,,M,0,,Spr 1966,,0,,  -   -,Fall (7540m),Route preparation,4,7540,3,0,0,0,1,0,1966,1,1966 Spr,Aborted at high camp,Accident (Death or Injury to Self or Others),China (Xu Jing),0,0,0,EVER-661-01,2,EVER,China,1,"N Col (training, recon)",,,,0,0,0,0,0,0,0,0,0,0,
Phu Dorje,Sherpa,Phu Dorje Sherpa (Khumjung),Nepal, (Khumjung),M,32,1937,18-Oct-69,,0,18-Oct,10/18/69,Avalanche (5800m),Route preparation,7,5800,3,0,0,0,0,0,1969,3,1969 Aut,No summit bid,Did Not Climb or Intend to Smt,Japan (Yuichiro Miura),1,1,0,EVER-693-02,17,EVER,Nepal,1,S Col (recon),,,,0,0,0,0,0,0,0,0,0,0,
Kami Tsering,Sherpa,Kami Tsering Sherpa,Nepal,,M,45,,5-Apr-70,7:00,7,5-Apr,4/5/70,Icefall Collapse (5700m),Route preparation,6,5700,3,0,0,0,0,1,1970,1,1970 Spr,No summit bid,Accident (Death or Injury to Self or Others),Japan (Yuichiro Muira),1,1,0,EVER-701-01,37,EVER,Nepal,1,S Col (skiing),,,,0,0,0,0,0,0,0,0,0,0,
Kunga Norbu,Sherpa,Kunga Norbu Sherpa,Nepal,,M,33,,5-Apr-70,7:00,7,5-Apr,4/5/70,Icefall Collapse (5700m),Route preparation,6,5700,3,0,0,0,0,1,1970,1,1970 Spr,No summit bid,Accident (Death or Injury to Self or Others),Japan (Yuichiro Muira),1,1,0,EVER-701-01,38,EVER,Nepal,1,S Col (skiing),,,,0,0,0,1,1,1,0,0,0,6196,TSIS
Nima Dorje,Sherpa,Nima Dorje Sherpa,Nepal,,M,25,,5-Apr-70,7:00,7,5-Apr,4/5/70,Icefall Collapse (5700m),Route preparation,6,5700,3,0,0,0,0,1,1970,1,1970 Spr,No summit bid,Accident (Death or Injury to Self or Others),Japan (Yuichiro Muira),1,1,0,EVER-701-01,39,EVER,Nepal,1,S Col (skiing),,,,1,1,0,2,2,1,2,2,1,8350,EVER
Nima Norbu,Sherpa,Nima Norbu Sherpa,Nepal,,M,42,,5-Apr-70,7:00,7,5-Apr,4/5/70,Icefall Collapse (5700m),Route preparation,6,5700,3,0,0,0,0,1,1970,1,1970 Spr,No summit bid,Accident (Death or Injury to Self or Others),Japan (Yuichiro Muira),1,1,0,EVER-701-01,40,EVER,Nepal,1,S Col (skiing),,,,0,0,0,0,0,0,0,0,0,0,
Pasang,Sherpa,Pasang Sherpa,Nepal,,M,44,,5-Apr-70,7:00,7,5-Apr,4/5/70,Icefall Collapse (5700m),Route preparation,6,5700,3,0,0,0,0,1,1970,1,1970 Spr,No summit bid,Accident (Death or Injury to Self or Others),Japan (Yuichiro Muira),1,1,0,EVER-701-01,41,EVER,Nepal,1,S Col (skiing),,,,1,1,0,7,7,2,3,3,0,7020,KANG
Tshering Tarke,Sherpa,Tshering Tarke Sherpa,Nepal,,M,50,,5-Apr-70,7:00,7,5-Apr,4/5/70,Icefall Collapse (5700m),Route preparation,6,5700,3,0,0,0,0,1,1970,1,1970 Spr,No summit bid,Accident (Death or Injury to Self or Others),Japan (Yuichiro Muira),1,1,0,EVER-701-01,42,EVER,Nepal,1,S Col (skiing),,,,0,0,0,1,1,0,0,0,0,5600,NUMB
Kyak Tsering,Sherpa,Kyak Tsering Sherpa (Namche Bazar),Nepal, (Namche Bazar),M,30,,9-Apr-70,7:20,7.33,9-Apr,4/9/70,Icefall Collapse (5525m),Route preparation,6,5525,3,0,0,0,0,1,1970,1,1970 Spr,No summit bid,Accident (Death or Injury to Self or Others),Japan (Hiromi Ohtsuka),1,1,0,EVER-701-02,41,EVER,Nepal,1,S Col-SE Ridge,,,,0,0,0,0,0,0,0,0,0,0,
Kyoshi,Narita,Kyoshi Narita,Japan,,M,28,,21-Apr-70,20:45,20.75,21-Apr,4/21/70,Illness (non-AMS) (6150m),Route preparation,10,6150,3,0,0,0,0,1,1970,1,1970 Spr,No summit bid,Accident (Death or Injury to Self or Others),Japan (Hiromi Ohtsuka),0,0,0,EVER-701-02,26,EVER,Nepal,1,S Col-SE Ridge,,,,0,0,0,0,0,0,0,0,0,0,
Harsh Vardhan,Bahuguna,Harsh Vardhan Bahuguna,India,,M,32,,18-Apr-71,18:00,18,18-Apr,4/18/71,Exposure/Frostbite (6800m)(w),Route preparation,3,6800,3,0,1,0,0,1,1971,1,1971 Spr,No summit bid,Route/Camp Preparation or Fixing Rope,"Switzerland (Norman Dyhrenfurth, J. O. M. Roberts)",0,0,0,EVER-711-01,4,EVER,Nepal,1,W Cwm-W Ridge (to 7300m),,,,1,1,0,2,2,1,1,1,0,8600,EVER
Tony,Tighe,Tony Tighe,Australia,,M,0,,16-Nov-72,13:00,13,16-Nov,11/16/72,Icefall Collapse (5900m),Expedition evacuation,6,5900,6,0,0,0,0,1,1972,3,1972 Aut,No summit bid,Did Not Climb or Intend to Smt,UK (Chris Bonington),0,0,0,EVER-723-01,11,EVER,Nepal,1,SW Face,,,,0,0,0,0,0,0,0,0,0,0,
Jangbu,Sherpa,Jangbu Sherpa (Namche Bazar),Nepal, (Namche Bazar),M,28,,12-Oct-73,,0,12-Oct,10/12/73,Avalanche (6900m)(w),Route preparation,7,6900,3,0,1,0,0,1,1973,3,1973 Aut,No summit bid,Accident (Death or Injury to Self or Others),Japan (Michio Yuasa),1,1,0,EVER-733-01,50,EVER,Nepal,2,SW Face (to 8380m),,,,0,0,0,0,0,0,0,0,0,0,
Gerard,Devouassoux,Gerard Devouassoux,France,,M,34,1940,9-Sep-74,19:10,19.17,9-Sep,9/9/74,Avalanche (6400m),Route preparation,7,6400,3,0,0,0,0,1,1974,3,1974 Aut,No summit bid,Accident (Death or Injury to Self or Others),France (Gerard Devouassoux),0,0,0,EVER-743-01,1,EVER,Nepal,1,Lho La-W Ridge,,,,0,0,0,1,1,1,0,0,0,7219,ANNS
Lhakpa,Sherpa,Lhakpa Sherpa (Dolakha),Nepal, (Dolakha),M,0,,9-Sep-74,19:10,19.17,9-Sep,9/9/74,Avalanche (6400m),Route preparation,7,6400,3,0,0,0,0,1,1974,3,1974 Aut,No summit bid,Accident (Death or Injury to Self or Others),France (Gerard Devouassoux),1,1,0,EVER-743-01,12,EVER,Nepal,1,Lho La-W Ridge,,,,0,0,0,0,0,0,0,0,0,0,
Nawang Lotuk,Sherpa,Nawang Lotuk Sherpa (Thami),Nepal, (Thami),M,0,,9-Sep-74,19:10,19.17,9-Sep,9/9/74,Avalanche (6400m),Route preparation,7,6400,3,0,0,0,0,1,1974,3,1974 Aut,No summit bid,Accident (Death or Injury to Self or Others),France (Gerard Devouassoux),1,1,0,EVER-743-01,13,EVER,Nepal,1,Lho La-W Ridge,,,,0,0,0,0,0,0,0,0,0,0,
Nima Wangchu,Sherpa,Nima Wangchu Sherpa (Thami),Nepal, (Thami),M,0,,9-Sep-74,19:10,19.17,9-Sep,9/9/74,Avalanche (5800m),Route preparation,7,5800,3,0,0,0,0,1,1974,3,1974 Aut,No summit bid,Accident (Death or Injury to Self or Others),France (Gerard Devouassoux),1,1,0,EVER-743-01,14,EVER,Nepal,1,Lho La-W Ridge,,,,0,0,0,0,0,0,0,0,0,0,
Pemba Dorje,Sherpa,Pemba Dorje Sherpa (Namche Bazar),Nepal, (Namche Bazar),M,24,,9-Sep-74,19:10,19.17,9-Sep,9/9/74,Avalanche (6400m),Route preparation,7,6400,3,0,0,0,0,1,1974,3,1974 Aut,No summit bid,Accident (Death or Injury to Self or Others),France (Gerard Devouassoux),1,1,0,EVER-743-01,15,EVER,Nepal,1,Lho La-W Ridge,,,,0,0,0,0,0,0,0,0,0,0,
Sanu Wangel,Sherpa,Sanu Wangel Sherpa (Taksindu),Nepal, (Taksindu),M,0,,9-Sep-74,19:10,19.17,9-Sep,9/9/74,Avalanche (6400m),Route preparation,7,6400,3,0,0,0,0,1,1974,3,1974 Aut,No summit bid,Accident (Death or Injury to Self or Others),France (Gerard Devouassoux),1,1,0,EVER-743-01,16,EVER,Nepal,1,Lho La-W Ridge,,,,0,0,0,0,0,0,0,0,0,0,
Zong-Yue,Guo,Zong-Yue Guo,China,,M,0,,4-May-75,,0,4-May,5/4/75,Fall (8100m),Route preparation,4,8100,3,0,0,0,1,0,1975,1,1975 Spr,No summit bid,Route/Camp Preparation or Fixing Rope,China (Shi Zhang-Chun),0,0,0,EVER-751-02,27,EVER,China,1,N Col-NE Ridge,,,,1,1,0,1,1,0,1,1,0,8500,EVER
Mingma Nuru,Sherpa,Mingma Nuru Sherpa (Khunde),Nepal, (Khunde),M,0,,23-Aug-75,,0,23-Aug,8/23/75,Other (5000m)(e),Death enroute BC,11,5000,1,0,0,0,0,1,1975,3,1975 Aut,No summit bid,Did Not Climb or Intend to Smt,UK (Chris Bonington),1,1,0,EVER-753-01,24,EVER,Nepal,0,,,,,0,0,0,0,0,0,0,0,0,0,
Michael (Mick),Burke,Michael (Mick) Burke,UK,,M,34,1941,26-Sep-75,14:00,14,26-Sep,9/26/75,Fall (8800m)(w),Ascending in summit bid,4,8800,4,0,1,0,1,0,1975,3,1975 Aut,,,UK (Chris Bonington),0,0,0,EVER-753-01,6,EVER,Nepal,1,SW Face-S Smt,,,,1,1,0,2,2,0,2,2,0,8230,EVER
Terry,Thompson,Terry Thompson,UK,,M,39,1937,10-Apr-76,17:00,17,10-Apr,4/10/76,Crevasse (6600m),Route preparation,5,6600,3,0,0,0,0,1,1976,1,1976 Spr,No summit bid,Accident (Death or Injury to Self or Others),UK (Tony Streather),0,0,0,EVER-761-01,33,EVER,Nepal,1,S Col-SE Ridge,,,,0,0,0,0,0,0,0,0,0,0,
Ming-Ji,Shi,Ming-Ji Shi,China,,M,0,,Spr 1978,,0,,  -   -,AMS (5700m)(a),Death at BC,1,5700,2,1,0,0,0,0,1978,1,1978 Spr,No summit bid,Did Not Climb or Intend to Smt,China (Tian Bao),0,0,0,EVER-781-01,4,EVER,China,0,,,,,0,0,0,0,0,0,0,0,0,0,
Dawa Nuru,Sherpa,Dawa Nuru Sherpa (Thami),Nepal, (Thami),M,22,,18-Apr-78,13:45,13.75,18-Apr,4/18/78,Icefall Collapse (5800m),Route preparation,6,5800,3,0,0,0,0,1,1978,1,1978 Spr,No summit bid,Accident (Death or Injury to Self or Others),Austria (Wolfgang Nairz),1,1,0,EVER-781-02,16,EVER,Nepal,1,S Col-SE Ridge,,,,0,0,0,0,0,0,0,0,0,0,
Ang Phu,Sherpa,Ang Phu Sherpa (Khumjung),Nepal, (Khumjung),M,28,1950,16-May-79,7:30,7.5,16-May,5/16/79,Fall (7600m),Descending from summit bid,4,7600,5,0,0,1,1,0,1979,1,1979 Spr,Successful bid,Success,Yugoslavia (Tone Skarja),1,1,0,EVER-791-01,32,EVER,Nepal,1,Lho La-W Ridge up; N Face (Hornbein)-W Ridge down,,,,0,0,0,0,0,0,0,0,0,0,
Raymond Edward (Ray),Genet,Raymond Edward (Ray) Genet,USA,,M,48,1931,3-Oct-79,,0,3-Oct,10/3/79,Exhaustion (8000m)(a),Descending from summit bid,2,8000,5,1,0,1,1,0,1979,3,1979 Aut,Successful bid,Success,W Germany (Gerhard Schmatz),0,0,0,EVER-793-01,4,EVER,Nepal,1,S Col-SE Ridge,,,,0,0,0,0,0,0,0,0,0,0,
Hannelore,Schmatz,Ms. Hannelore Schmatz,W Germany,,F,39,1940,3-Oct-79,7:00,7,3-Oct,10/3/79,Exhaustion (8350m),Descending from summit bid,2,8350,5,0,0,1,1,0,1979,3,1979 Aut,Successful bid,Success,W Germany (Gerhard Schmatz),0,0,0,EVER-793-01,6,EVER,Nepal,1,S Col-SE Ridge,,,,0,0,0,2,2,0,2,2,0,5600,MANA
Nima Tashi,,Nima Tashi,China,,M,0,,12-Oct-79,,0,12-Oct,10/12/79,Avalanche (6800m),Route preparation,7,6800,3,0,0,0,0,1,1979,3,1979 Aut,No summit bid,Accident (Death or Injury to Self or Others),Japan (Atsuo Saito),1,0,1,EVER-793-02,10,EVER,China,2,N Col (recon to 6800m),,,,0,0,0,0,0,0,0,0,0,0,
San,Luo,San Luo,China,,M,0,,12-Oct-79,,0,12-Oct,10/12/79,Avalanche (6800m),Route preparation,7,6800,3,0,0,0,0,1,1979,3,1979 Aut,No summit bid,Accident (Death or Injury to Self or Others),Japan (Atsuo Saito),1,0,0,EVER-793-02,11,EVER,China,2,N Col (recon to 6800m),,,,0,0,0,0,0,0,0,0,0,0,
Hong-Bao,Wang,Hong-Bao Wang,China,,M,0,,12-Oct-79,,0,12-Oct,10/12/79,Avalanche (6800m),Route preparation,7,6800,3,0,0,0,0,1,1979,3,1979 Aut,No summit bid,Accident (Death or Injury to Self or Others),Japan (Atsuo Saito),1,0,0,EVER-793-02,12,EVER,China,2,N Col (recon to 6800m),,,,1,1,0,1,1,0,1,1,0,0,
Akira,Ube,Akira Ube,Japan,,M,31,1948,2-May-80,,0,2-May,5/2/80,Avalanche (8300m),Route preparation,7,8300,3,0,0,0,1,0,1980,1,1980 Spr,Aborted below high camp,Accident (Death or Injury to Self or Others),Japan (Hyoriki Watanabe),0,0,0,EVER-801-03,24,EVER,China,2,N Face (Japanese & Hornbein Couloirs),,,,0,0,0,1,1,1,1,1,1,8167,DHA1
Nawang Kersang,Sherpa,Nawang Kersang Sherpa,Nepal,,M,0,,6-Sep-80,6:00,6,6-Sep,9/6/80,Icefall Collapse (5700m),Route preparation,6,5700,3,0,0,0,0,1,1980,3,1980 Aut,No summit bid,Accident (Death or Injury to Self or Others),Italy (Francesco Santon),1,1,0,EVER-803-01,55,EVER,Nepal,1,S Col-SE Ridge,,,,0,0,0,0,0,0,0,0,0,0,
Mario (Franco),Piana,Mario (Franco) Piana,Italy,,M,37,1943,22-Sep-80,10:30,10.5,22-Sep,9/22/80,Avalanche (6400m),Route preparation,7,6400,3,0,0,0,0,1,1980,3,1980 Aut,No summit bid,Accident (Death or Injury to Self or Others),Italy (Francesco Santon),0,0,0,EVER-803-01,3,EVER,Nepal,1,S Col-SE Ridge,,,,0,0,0,1,1,0,0,0,0,0,
Noboru,Takenaka,Noboru Takenaka,Japan,,M,28,1952,12-Jan-80,10:00,10,12-Jan,1/12/81,Fall (6800m),Route preparation,4,6800,3,0,0,0,0,1,1980,4,1980 Win,No summit bid,Accident (Death or Injury to Self or Others),Japan (Naomi Uemura),0,0,0,EVER-804-01,15,EVER,Nepal,1,S Col-SE Ridge,,,,0,0,0,0,0,0,0,0,0,0,
Mary Francis (Marty),Hoey,Ms. Mary Francis (Marty) Hoey,USA,,F,30,1951,15-May-82,17:30,17.5,15-May,5/15/82,Fall (7950m),Route preparation,4,7950,3,0,0,0,0,1,1982,1,1982 Spr,Aborted below high camp,Accident (Death or Injury to Self or Others),USA (Lou Whittaker),0,0,0,EVER-821-02,8,EVER,China,1,N Face (Great Couloir),,,,0,0,0,0,0,0,0,0,0,0,
Peter David,Boardman,Peter David Boardman,UK,,M,31,1950,17-May-82,,0,17-May,5/17/82,Disappearance(8230m),Ascending in summit bid,9,8230,4,0,0,0,0,1,1982,1,1982 Spr,Aborted above high camp,Accident (Death or Injury to Self or Others),UK (Chris Bonington),0,0,0,EVER-821-03,2,EVER,China,1,NE Ridge,,,,1,1,1,4,4,3,2,2,2,8849,EVER
Joseph Thomas (Joe),Tasker,Joseph Thomas (Joe) Tasker,UK,,M,34,1948,17-May-82,,0,17-May,5/17/82,Disappearance(8230m),Ascending in summit bid,9,8230,4,0,0,0,0,1,1982,1,1982 Spr,Aborted above high camp,Accident (Death or Injury to Self or Others),UK (Chris Bonington),0,0,0,EVER-821-03,6,EVER,China,1,NE Ridge,,,,1,1,0,3,3,1,2,2,1,8586,KANG
Ang Chuldin,Sherpa,Ang Chuldin Sherpa (Khumjung),Nepal, (Khumjung),M,20,,31-Aug-82,5:30,5.5,31-Aug,8/31/82,Avalanche (5600m),Route preparation,7,5600,3,0,0,0,0,1,1982,3,1982 Aut,No summit bid,Accident (Death or Injury to Self or Others),Canada (William (Bill) March),1,1,0,EVER-823-02,23,EVER,Nepal,1,S Col-SE Ridge,,,,0,0,0,0,0,0,0,0,0,0,
Dawa Dorje,Sherpa,Dawa Dorje Sherpa (Thami),Nepal, (Thami),M,42,,31-Aug-82,5:30,5.5,31-Aug,8/31/82,Avalanche (5600m),Route preparation,7,5600,3,0,0,0,0,1,1982,3,1982 Aut,No summit bid,Accident (Death or Injury to Self or Others),Canada (William (Bill) March),1,1,0,EVER-823-02,24,EVER,Nepal,1,S Col-SE Ridge,,,,0,0,0,0,0,0,0,0,0,0,
Pasang Sana,Sherpa,Pasang Sana Sherpa (Khunde),Nepal, (Khunde),M,30,,31-Aug-82,5:30,5.5,31-Aug,8/31/82,Avalanche (5600m),Route preparation,7,5600,3,0,0,0,0,1,1982,3,1982 Aut,No summit bid,Accident (Death or Injury to Self or Others),Canada (William (Bill) March),1,1,0,EVER-823-02,27,EVER,Nepal,1,S Col-SE Ridge,,,,0,0,0,0,0,0,0,0,0,0,
George Blair,Griffiths,George Blair Griffiths,Canada,,M,33,1949,2-Sep-82,9:00,9,2-Sep,9/2/82,Icefall Collapse (5800m),Route preparation,6,5800,3,0,0,0,0,1,1982,3,1982 Aut,No summit bid,Accident (Death or Injury to Self or Others),Canada (William (Bill) March),0,0,0,EVER-823-02,12,EVER,Nepal,1,S Col-SE Ridge,,,,0,0,0,0,0,0,0,0,0,0,
Lhakpa Tshering,Sherpa,Lhakpa Tshering Sherpa (Namche Bazar),Nepal, (Namche Bazar),M,38,,27-Sep-82,13:30,13.5,27-Sep,9/27/82,Illness (non-AMS) (6770m),Route preparation,10,6770,3,0,0,0,0,0,1982,3,1982 Aut,,,Spain (Lluis Belvis Del Rio),1,1,0,EVER-823-01,19,EVER,Nepal,1,Lho La-W Ridge,,,,0,0,0,0,0,0,0,0,0,0,
Nima Dorje,Sherpa,Nima Dorje Sherpa,Nepal,,M,22,,14-Oct-82,10:30,10.5,14-Oct,10/14/82,Fall (8300m),Descending from summit bid,4,8300,5,0,0,0,1,0,1982,3,1982 Aut,Aborted above high camp,"Bad Weather (Storms, High Winds)",Spain (Lluis Belvis Del Rio),1,1,0,EVER-823-01,20,EVER,Nepal,1,Lho La-W Ridge,,,,2,2,0,6,6,4,4,4,2,8586,KANG
Yasuo,Kato,Yasuo Kato,Japan,,M,33,1949,28-Dec-82,,0,28-Dec,12/28/82,Fall (8800m)(w),Descending from summit bid,4,8800,5,0,1,1,1,0,1982,4,1982 Win,Successful bid,Success,Japan (Yasuo Kato),0,0,0,EVER-824-02,1,EVER,Nepal,1,S Col-SE Ridge,,,,2,2,2,4,4,3,4,4,3,8849,EVER
Toshiaki,Kobayashi,Toshiaki Kobayashi,Japan,,M,34,1948,28-Dec-82,,0,28-Dec,12/28/82,Fall (8800m)(w),Descending from summit bid,4,8800,5,0,1,0,1,0,1982,4,1982 Win,No summit bid,Route/Camp Preparation or Fixing Rope,Japan (Yasuo Kato),0,0,0,EVER-824-02,3,EVER,Nepal,1,S Col-SE Ridge,,,,1,1,0,4,4,1,4,4,1,8300,EVER
Hironobu,Kamuro,Hironobu Kamuro,Japan,,M,31,1951,8-Oct-83,18:00,18,8-Oct,10/8/83,Fall (8800m),Descending from summit bid,4,8800,5,0,0,1,0,1,1983,3,1983 Aut,Successful bid,Success,Japan (Hiroshi Yoshino),0,0,0,EVER-833-06,3,EVER,Nepal,1,S Col-SE Ridge,,,,0,0,0,1,1,1,1,1,1,8167,DHA1
Pasang Temba,Sherpa,Pasang Temba Sherpa,Nepal,,M,0,,8-Oct-83,17:00,17,8-Oct,10/8/83,Fall (8600m),Descending from summit bid,4,8600,5,0,0,0,0,1,1983,3,1983 Aut,,,Japan (Haruichi Kawamura),1,1,0,EVER-833-05,7,EVER,Nepal,1,S Pillar-SE Ridge,,,,0,0,0,0,0,0,0,0,0,0,
Hiroshi,Yoshino,Hiroshi Yoshino,Japan,,M,33,1950,9-Oct-83,6:30,6.5,9-Oct,10/9/83,Fall (8800m),Descending from summit bid,4,8800,5,0,0,1,0,1,1983,3,1983 Aut,Successful bid,Success,Japan (Hiroshi Yoshino),0,0,0,EVER-833-06,1,EVER,Nepal,1,S Col-SE Ridge,,,,0,0,0,2,2,1,2,2,1,8167,DHA1
Ang Rinji,Sherpa,Ang Rinji Sherpa (Rimijung),Nepal, (Rimijung),M,49,,26-Mar-84,8:08,8.13,26-Mar,3/26/84,Avalanche (5600m),Route preparation,7,5600,3,0,0,0,0,1,1984,1,1984 Spr,No summit bid,Accident (Death or Injury to Self or Others),India (Darshan Kumar Khullar),1,1,0,EVER-841-02,27,EVER,Nepal,1,S Col-SE Ridge,,,,0,0,0,0,0,0,0,0,0,0,
Jangbir,Rai,Jangbir Rai,Nepal,,M,0,,28-Mar-84,,0,28-Mar,3/28/84,AMS (4900m)(a)(e),Death enroute BC,1,4900,1,1,0,0,0,1,1984,1,1984 Spr,No summit bid,Did Not Climb or Intend to Smt,India (Darshan Kumar Khullar),1,0,0,EVER-841-02,25,EVER,Nepal,0,,,,,0,0,0,0,0,0,0,0,0,0,
Anthony Mark (Tony),Swierzy,Anthony Mark (Tony) Swierzy,UK,,M,27,1956,3-Apr-84,6:15,6.25,3-Apr,4/3/84,Avalanche (6500m),Route preparation,7,6500,3,0,0,0,0,1,1984,1,1984 Spr,No summit bid,Accident (Death or Injury to Self or Others),"UK (Bronco Lane, Brummie Stokes)",0,0,0,EVER-841-04,10,EVER,China,1,N Face (Hornbein Couloir),,,,0,0,0,1,1,0,0,0,0,0,
Christo Ivanov,Prodanov,Christo Ivanov Prodanov,Bulgaria,,M,41,1943,21-Apr-84,,0,21-Apr,4/21/84,Exposure/Frostbite (8600m),Descending from summit bid,3,8600,5,0,0,1,0,1,1984,1,1984 Spr,Successful bid,Success,Bulgaria (Avram Iliev Avramov),0,0,0,EVER-841-03,3,EVER,Nepal,1,Lho La-W Ridge,,,,0,0,0,1,1,1,1,1,1,8516,LHOT
William Robert (Fred),From,William Robert (Fred) From,Australia,,M,28,1956,9-Oct-84,8:30,8.5,9-Oct,10/9/84,Fall (8140m),Ascending in summit bid,4,8140,4,0,0,0,0,1,1984,3,1984 Aut,Aborted above high camp,Accident (Death or Injury to Self or Others),New Zealand (Peter Hillary),0,0,0,EVER-843-04,2,EVER,Nepal,1,W Cwm-W Ridge,,,,0,0,0,2,2,0,2,2,0,8230,LHOT
Craig Rupert,Nottle,Craig Rupert Nottle,Australia,,M,23,1961,9-Oct-84,7:30,7.5,9-Oct,10/9/84,Fall (8140m),Ascending in summit bid,4,8140,4,0,0,0,0,1,1984,3,1984 Aut,Aborted above high camp,Accident (Death or Injury to Self or Others),New Zealand (Peter Hillary),0,0,0,EVER-843-04,6,EVER,Nepal,1,W Cwm-W Ridge,,,,0,0,0,0,0,0,0,0,0,0,
Jozef,Psotka,Jozef Psotka,Czechoslovakia,,M,50,1934,15-Oct-84,,0,15-Oct,10/15/84,Fall (7900m),Descending from summit bid,4,7900,5,0,0,1,0,1,1984,3,1984 Aut,Successful bid,Success,Czechoslovakia (Frantisek Kele),0,0,0,EVER-843-06,17,EVER,Nepal,1,S Pillar up; SE Ridge-S Col down,,,,0,0,0,3,3,1,3,3,1,8586,KANG
Ang Dorje,Sherpa,Ang Dorje Sherpa (Thamo),Nepal, (Thamo),M,35,,24-Oct-84,10:00,10,24-Oct,10/24/84,Fall (8400m),Ascending in summit bid,4,8400,4,0,0,0,0,1,1984,3,1984 Aut,Aborted above high camp,Accident (Death or Injury to Self or Others),Nepal (Yogendra Thapa),1,1,0,EVER-843-02,28,EVER,Nepal,1,S Col-SE Ridge,,,,0,0,0,0,0,0,0,0,0,0,
Yogendra Bahadur,Thapa,Yogendra Bahadur Thapa,Nepal,,M,36,1948,24-Oct-84,10:00,10,24-Oct,10/24/84,Fall (8400m),Ascending in summit bid,4,8400,4,0,0,0,1,0,1984,3,1984 Aut,Aborted above high camp,Accident (Death or Injury to Self or Others),Nepal (Yogendra Thapa),0,0,0,EVER-843-02,2,EVER,Nepal,1,S Col-SE Ridge,,,,2,2,0,7,7,3,3,3,0,8400,EVER
Juanjo,Navarro,Juanjo Navarro,Spain,,M,0,,12-May-85,,0,12-May,5/12/85,Fall (7500m),Ascending in summit bid,4,7500,4,0,0,0,0,1,1985,1,1985 Spr,No summit bid,Accident (Death or Injury to Self or Others),Spain (Mari Abrego Santesteban),0,0,0,EVER-851-04,3,EVER,China,1,N Col-N Face,,,,0,0,0,0,0,0,0,0,0,0,
Shinichi,Ishii,Shinichi Ishii,Japan,,M,33,1952,17-Sep-85,,0,17-Sep,9/17/85,Avalanche (6900m),Route preparation,7,6900,3,0,0,0,0,0,1985,3,1985 Aut,,,Japan (Tsuneo Hasegawa),0,0,0,EVER-853-02,4,EVER,China,1,N Col-NE Ridge,,,,0,0,0,1,1,0,1,1,0,7700,DHA1
Kiran Inder,Kumar,Kiran Inder Kumar,India,,M,40,1945,7-Oct-85,15:30,15.5,7-Oct,10/7/85,Fall (8500m),Descending from summit bid,4,8500,5,0,0,0,1,0,1985,3,1985 Aut,Aborted above high camp,"Bad Weather (Storms, High Winds)","India (Prem Chand, Jagit Singh)",0,0,0,EVER-853-03,5,EVER,Nepal,1,S Col-SE Ridge,,,,1,1,0,3,3,0,2,2,0,7985,EVER
Jai,Bahaguna,Jai Bahaguna,India,,M,37,1948,10-Oct-85,,0,10-Oct,10/10/85,Exposure/Frostbite (7900m)(w),Route preparation,3,7900,3,0,1,0,1,0,1985,3,1985 Aut,Aborted at high camp,"Bad Weather (Storms, High Winds)","India (Prem Chand, Jagit Singh)",0,0,0,EVER-853-03,3,EVER,Nepal,1,S Col-SE Ridge,,,,1,1,0,1,1,0,1,1,0,7985,EVER
Ranmit Singh,Bakshi,Ranmit Singh Bakshi,India,,M,24,1960,10-Oct-85,,0,10-Oct,10/10/85,Exposure/Frostbite (7950m)(w),Route preparation,3,7950,3,0,1,0,1,0,1985,3,1985 Aut,Aborted above high camp,"Bad Weather (Storms, High Winds)","India (Prem Chand, Jagit Singh)",0,0,0,EVER-853-03,11,EVER,Nepal,1,S Col-SE Ridge,,,,0,0,0,0,0,0,0,0,0,0,
Vijay Pal Singh,Negi,Vijay Pal Singh Negi,India,,M,28,1957,10-Oct-85,,0,10-Oct,10/10/85,Exposure/Frostbite (7900m)(w),Route preparation,3,7900,3,0,1,0,1,0,1985,3,1985 Aut,Aborted at high camp,"Bad Weather (Storms, High Winds)","India (Prem Chand, Jagit Singh)",0,0,0,EVER-853-03,27,EVER,Nepal,1,S Col-SE Ridge,,,,0,0,0,0,0,0,0,0,0,0,
Maddirati Uday Bhaskar,Rao,Maddirati Uday Bhaskar Rao,India,,M,24,1961,10-Oct-85,,0,10-Oct,10/10/85,Exposure/Frostbite (7900m)(w),Route preparation,3,7900,3,0,1,0,1,0,1985,3,1985 Aut,Aborted at high camp,"Bad Weather (Storms, High Winds)","India (Prem Chand, Jagit Singh)",0,0,0,EVER-853-03,32,EVER,Nepal,1,S Col-SE Ridge,,,,0,0,0,0,0,0,0,0,0,0,
Victor-Hugo,Trujillo,Victor-Hugo Trujillo,Chile,,M,22,,16-Aug-86,,0,16-Aug,8/16/86,Fall (7000m),Route preparation,4,7000,3,0,0,0,0,0,1986,2,1986 Sum,No summit bid,Accident (Death or Injury to Self or Others),Chile (Claudio Lucero),0,0,0,EVER-862-03,9,EVER,China,1,N Col-NE Ridge,,,,0,0,0,0,0,0,0,0,0,0,
Simon,Burkhardt,Simon Burkhardt,Switzerland,,M,51,1934,28-Sep-86,,0,28-Sep,9/28/86,Avalanche (7500m),Route preparation,7,7500,3,0,0,0,1,0,1986,3,1986 Aut,Aborted above high camp,"Bad Conditions (Deep Snow, Avalanches, Falling Roc",Switzerland (Fredy Graf),0,0,0,EVER-863-02,3,EVER,Nepal,1,S Col-SE Ridge,,,,0,0,0,1,1,1,1,1,1,8167,DHA1
Gyalu,Sherpa,Gyalu Sherpa,Nepal,,M,25,,4-Oct-86,,0,4-Oct,10/4/86,Icefall Collapse (5700m),Route preparation,6,5700,3,0,0,0,0,1,1986,3,1986 Aut,No summit bid,Accident (Death or Injury to Self or Others),Switzerland (Fredy Graf),1,1,0,EVER-863-02,27,EVER,Nepal,1,S Col-SE Ridge,,,,0,0,0,0,0,0,0,0,0,0,
Dawa Norbu,Sherpa,Dawa Norbu Sherpa (Yilajung),Nepal, (Yilajung),M,29,1957,17-Oct-86,,0,17-Oct,10/17/86,Avalanche (6600m),Route preparation,7,6600,3,0,0,0,0,1,1986,3,1986 Aut,No summit bid,Accident (Death or Injury to Self or Others),USA (Andrew Harvard),1,1,0,EVER-863-03,21,EVER,China,1,N Col-NE Ridge,,,,0,0,0,0,0,0,0,0,0,0,
Tsuttin Dorji,Sherpa,Tsuttin Dorji Sherpa,Nepal,,M,21,,30-Jan-86,,0,30-Jan,1/30/87,Fall (7500m),Route preparation,4,7500,3,0,0,0,0,0,1986,4,1986 Win,No summit bid,Accident (Death or Injury to Self or Others),S Korea (Park Young-Bae),1,1,0,EVER-864-02,7,EVER,Nepal,1,SW Face (Bonington rte),,,,0,0,0,0,0,0,0,0,0,0,
Roger Gough,Marshall,Roger Gough Marshall,Canada,,M,45,1941,21-May-87,10:00,10,21-May,5/21/87,Fall (6400m)(a),Descending from summit bid,4,6400,5,1,0,0,0,1,1987,1,1987 Spr,Aborted at high camp,"Altitude (AMS Symptoms, Breathing or Unwell)",Canada (Roger Marshall),0,0,0,EVER-871-06,1,EVER,China,1,N Face (Japanese & Hornbein Couloirs),,,,2,1,0,7,6,3,5,4,1,8586,KANG
Masao,Yokoyama,Masao Yokoyama,Japan,,M,0,,2-Sep-87,,0,2-Sep,9/2/87,Other (5400m),Death at BC,11,5400,2,0,0,0,0,1,1987,3,1987 Aut,No summit bid,Accident (Death or Injury to Self or Others),Japan (Takashi Kawakami),0,0,0,EVER-873-01,3,EVER,China,0,,,,,0,0,0,0,0,0,0,0,0,0,
Mangal Singh (Nima),Tamang,Mangal Singh (Nima) Tamang,Nepal,,M,30,,20-Oct-87,,0,20-Oct,10/20/87,Avalanche (5800m),Death at BC,7,5800,2,0,0,0,0,1,1987,3,1987 Aut,No summit bid,Accident (Death or Injury to Self or Others),"UK (Doug Scott, Rick Allen)",1,0,0,EVER-873-06,10,EVER,China,1,NE Ridge,,,,0,0,0,1,1,0,1,1,0,7925,KANG
Hidetaka,Mizukoshi,Hidetaka Mizukoshi,Japan,,M,48,1939,21-Apr-88,10:00,10,21-Apr,4/21/88,Illness (non-AMS) (5350m),Death at BC,10,5350,2,0,0,0,0,1,1988,1,1988 Spr,No summit bid,Did Not Climb or Intend to Smt,"China (Shi Zhang-Chun, Toshio Imanishi, Kumar Khadga Bikram Shah)",0,0,0,EVER-881-01,49,EVER,China,0,,,,,0,0,0,0,0,0,0,0,0,0,
Michel,Parmentier,Michel Parmentier,France,,M,38,1950,20-Sep-88,,0,20-Sep,9/20/88,Exposure/Frostbite (7700m),Descending from summit bid,3,7700,5,0,0,0,0,1,1988,3,1988 Aut,Aborted above high camp,"Bad Weather (Storms, High Winds)",France (Benoit Chamoux),0,0,0,EVER-883-02,6,EVER,China,1,N Face (Japanese & Hornbein Couloirs),,,,0,0,0,1,1,1,1,1,1,8586,KANG
Narayan Kumar,Shrestha,Narayan Kumar Shrestha,Nepal,,M,28,1960,21-Sep-88,6:15,6.25,21-Sep,9/21/88,Avalanche (7270m),Route preparation,7,7270,3,0,0,0,0,1,1988,3,1988 Aut,No summit bid,Accident (Death or Injury to Self or Others),Spain (Lluis Belvis Del Rio),1,0,0,EVER-883-01,23,EVER,Nepal,1,Lho La-W Ridge (to 7800m),,,,2,2,1,5,5,2,3,3,1,8849,EVER
Lhakpa Sonam,Sherpa,Lhakpa Sonam Sherpa (Makalu-Barun),Nepal, (Makalu-Barun),M,30,,13-Oct-88,,0,13-Oct,10/13/88,Fall (8500m),Descending from summit bid,4,8500,5,0,0,1,1,0,1988,3,1988 Aut,Successful bid,Success,France (Serge Koenig),1,1,0,EVER-883-10,10,EVER,Nepal,1,S Col-SE Ridge,,,,0,0,0,0,0,0,0,0,0,0,
Pasang Temba,Sherpa,Pasang Temba Sherpa (Makalu-Barun),Nepal, (Makalu-Barun),M,30,,13-Oct-88,,0,13-Oct,10/13/88,Fall (8700m),Descending from summit bid,4,8700,5,0,0,0,1,0,1988,3,1988 Aut,Aborted above high camp,Too Late in Day or Too Slow,France (Serge Koenig),1,1,0,EVER-883-10,11,EVER,Nepal,1,S Col-SE Ridge,,,,0,0,0,0,0,0,0,0,0,0,
Dusan,Becik,Dusan Becik,Czechoslovakia,,M,34,1954,17-Oct-88,17:30,17.5,17-Oct,10/17/88,Fall (8300m),Descending from summit bid,4,8300,5,0,0,0,0,1,1988,3,1988 Aut,Aborted above high camp,Unknown,"Czechoslovakia (Ivan Fiala, Jaroslav Orsula)",0,0,0,EVER-883-08,3,EVER,Nepal,1,SW Face up; SE Ridge-S Col down,,,,1,1,0,2,2,1,2,2,1,8188,CHOY
Peter,Bozik,Peter Bozik,Czechoslovakia,,M,34,1954,17-Oct-88,17:30,17.5,17-Oct,10/17/88,Fall (8300m),Descending from summit bid,4,8300,5,0,0,0,0,1,1988,3,1988 Aut,Aborted above high camp,Other Illnesses or Pains,"Czechoslovakia (Ivan Fiala, Jaroslav Orsula)",0,0,0,EVER-883-08,4,EVER,Nepal,1,SW Face up; SE Ridge-S Col down,,,,1,1,0,3,3,1,3,3,1,8382,LSHR
Jaroslav,Jasko,Jaroslav Jasko,Czechoslovakia,,M,26,1961,17-Oct-88,17:30,17.5,17-Oct,10/17/88,Fall (8300m),Descending from summit bid,4,8300,5,0,0,0,0,1,1988,3,1988 Aut,Aborted above high camp,Unknown,"Czechoslovakia (Ivan Fiala, Jaroslav Orsula)",0,0,0,EVER-883-08,6,EVER,Nepal,1,SW Face up; SE Ridge-S Col down,,,,1,1,0,1,1,0,1,1,0,0,
Jozef,Just,Jozef Just,Czechoslovakia,,M,33,1955,17-Oct-88,17:30,17.5,17-Oct,10/17/88,Fall (8300m),Descending from summit bid,4,8300,5,0,0,1,0,1,1988,3,1988 Aut,Successful bid,Success,"Czechoslovakia (Ivan Fiala, Jaroslav Orsula)",0,0,0,EVER-883-08,7,EVER,Nepal,1,SW Face up; SE Ridge-S Col down,,,,2,2,0,3,3,0,3,3,0,8300,EVER
Lhakpa Dorje (Ang Lhakpa),Sherpa,Lhakpa Dorje (Ang Lhakpa) Sherpa (Khunde),Nepal, (Khunde),M,29,,23-Dec-88,8:00,8,23-Dec,12/23/88,Fall (8700m),Ascending in summit bid,4,8700,4,0,0,0,1,0,1988,4,1988 Win,Aborted above high camp,Accident (Death or Injury to Self or Others),Belgium (Herman Detienne),1,1,0,EVER-884-01,20,EVER,Nepal,1,S Col-SE Ridge,,,,0,0,0,0,0,0,0,0,0,0,
Dimitar,Ilievski,Dimitar Ilievski,Yugoslavia,,M,35,1953,10-May-89,20:00,20,10-May,5/10/89,Fall (8500m),Descending from summit bid,4,8500,5,0,0,1,1,0,1989,1,1989 Spr,Successful bid,Success,Yugoslavia (Jovan Poposki),0,0,0,EVER-891-05,8,EVER,Nepal,1,S Col-SE Ridge,,,,0,0,0,1,1,0,1,1,0,7400,MANA
Phu Dorje,Sherpa,Phu Dorje Sherpa (Pangboche),Nepal, (Pangboche),M,26,1962,16-May-89,16:00,16,16-May,5/16/89,Fall (8600m),Descending from summit bid,4,8600,5,0,0,1,1,0,1989,1,1989 Spr,Successful bid,Success,USA (Walt McConnell),1,1,0,EVER-891-01,21,EVER,Nepal,1,S Col-SE Ridge,,,,0,0,0,0,0,0,0,0,0,0,
Eugeniusz (Genek),Chrobak,Eugeniusz (Genek) Chrobak,Poland,,M,49,1939,27-May-89,13:00,13,27-May,5/27/89,Avalanche (6000m),Expedition evacuation,7,6000,6,0,0,1,1,0,1989,1,1989 Spr,Successful bid,Success,Poland (Eugeniusz Chrobak),0,0,0,EVER-891-03,1,EVER,Nepal,1,Khumbutse-W Ridge-N Face (Hornbein Couloir),,,,1,1,0,4,4,1,4,4,1,8476,KANS
Miroslaw,Falco-Dasal,Miroslaw Falco-Dasal,Poland,,M,36,1952,27-May-89,13:00,13,27-May,5/27/89,Avalanche (6000m),Expedition evacuation,7,6000,6,0,0,0,1,0,1989,1,1989 Spr,Aborted above high camp,Too Late in Day or Too Slow,Poland (Eugeniusz Chrobak),0,0,0,EVER-891-03,8,EVER,Nepal,1,Khumbutse-W Ridge-N Face (Hornbein Couloir),,,,0,0,0,3,3,0,3,3,0,8200,LHOT
Miroslaw,Gardzielewski,Miroslaw Gardzielewski,Poland,,M,35,1953,27-May-89,13:00,13,27-May,5/27/89,Avalanche (6000m),Expedition evacuation,7,6000,6,0,0,0,1,0,1989,1,1989 Spr,Aborted above high camp,Too Late in Day or Too Slow,Poland (Eugeniusz Chrobak),0,0,0,EVER-891-03,9,EVER,Nepal,1,Khumbutse-W Ridge-N Face (Hornbein Couloir),,,,0,0,0,5,5,2,3,3,2,8188,CHOY
Zygmunt Andrzej (Zyga),Heinrich,Zygmunt Andrzej (Zyga) Heinrich,Poland,,M,51,1937,27-May-89,13:00,13,27-May,5/27/89,Avalanche (6000m),Expedition evacuation,7,6000,6,0,0,0,0,1,1989,1,1989 Spr,No summit bid,"Assisting, Guiding, Supporting or Accompanying Oth",Poland (Eugeniusz Chrobak),0,0,0,EVER-891-03,11,EVER,Nepal,1,Khumbutse-W Ridge-N Face (Hornbein Couloir),,,,2,2,0,8,8,3,8,8,3,8516,LHOT
Waclaw,Otreba,Waclaw Otreba,Poland,,M,41,1947,27-May-89,13:00,13,27-May,5/27/89,Avalanche (6000m),Expedition evacuation,7,6000,6,0,0,0,0,1,1989,1,1989 Spr,No summit bid,"Assisting, Guiding, Supporting or Accompanying Oth",Poland (Eugeniusz Chrobak),0,0,0,EVER-891-03,16,EVER,Nepal,1,Khumbutse-W Ridge-N Face (Hornbein Couloir),,,,0,0,0,4,3,1,3,3,1,8167,DHA1
Ang Phinjo,Sherpa,Ang Phinjo Sherpa (Khumjung),Nepal, (Khumjung),M,42,,12-Dec-89,15:05,15.08,12-Dec,12/12/90,AMS (6500m)(a),Route preparation,1,6500,3,1,0,0,0,1,1989,4,1989 Win,No summit bid,Accident (Death or Injury to Self or Others),S Korea (Kim Ha-Kyung),1,1,0,EVER-894-01,28,EVER,Nepal,1,S Col-SE Ridge,,,,0,0,0,0,0,0,0,0,0,0,
Rafael,Gomez-Menor Palacios,Rafael Gomez-Menor Palacios,Spain,,M,24,1966,12-Sep-90,,0,12-Sep,9/12/90,Avalanche (6900m),Route preparation,7,6900,3,0,0,0,1,0,1990,3,1990 Aut,No summit bid,Accident (Death or Injury to Self or Others),Spain (Cesar Perez de Tudela),0,0,0,EVER-903-06,2,EVER,China,1,N Col-NE Ridge,,,,0,0,0,0,0,0,0,0,0,0,
Badri,Nath,Badri Nath,Nepal,,M,0,,12-Sep-90,,0,12-Sep,9/12/90,Avalanche (6900m),Route preparation,7,6900,3,0,0,0,1,0,1990,3,1990 Aut,No summit bid,Accident (Death or Injury to Self or Others),Spain (Cesar Perez de Tudela),1,0,0,EVER-903-06,12,EVER,China,1,N Col-NE Ridge,,,,0,0,0,0,0,0,0,0,0,0,
Ang Sona,Sherpa,Ang Sona Sherpa,Nepal,,M,0,,12-Sep-90,,0,12-Sep,9/12/90,Avalanche (6900m),Route preparation,7,6900,3,0,0,0,1,0,1990,3,1990 Aut,No summit bid,Accident (Death or Injury to Self or Others),Spain (Cesar Perez de Tudela),1,1,0,EVER-903-06,13,EVER,China,1,N Col-NE Ridge,,,,1,1,0,1,1,0,1,1,0,8530,EVER
Sang-Hun,Ham,Sang-Hun Ham,S Korea,,M,27,1963,7-Oct-90,17:00,17,7-Oct,10/7/90,Fall (8700m),Ascending in summit bid,4,8700,4,0,0,0,1,0,1990,3,1990 Aut,Aborted above high camp,Other,"S Korea (Nobuo Kuwahara, Roh Jong-Baek)",0,0,0,EVER-903-03,8,EVER,Nepal,1,S Col-SE Ridge,,,,0,0,0,0,0,0,0,0,0,0,
Ruediger,Lang,Ruediger Lang,Germany,,M,35,1956,4-May-91,,0,4-May,5/4/91,Exposure/Frostbite (7900m)(w),Route preparation,3,7900,3,0,1,0,0,1,1991,1,1991 Spr,Aborted at high camp,Accident (Death or Injury to Self or Others),Austria (Marcus Schmuck),0,0,0,EVER-911-13,9,EVER,China,1,N Col-NE Ridge (to 8550m),,,,1,1,0,1,1,0,1,1,0,8000,EVER
Junichi,Futagami,Junichi Futagami,Japan,,M,39,1951,27-May-91,13:30,13.5,27-May,5/27/91,Fall (8830m),Descending from summit bid,4,8830,5,0,0,1,1,0,1991,1,1991 Spr,Successful bid,Success,Japan (Muneo Nukita),0,0,0,EVER-911-16,2,EVER,China,1,N Col-N Ridge-N Face,,,,0,0,0,0,0,0,0,0,0,0,
Raymond,Jacob,Raymond Jacob,India,,M,26,1966,2-May-92,6:00,6,2-May,5/2/92,Exposure/Frostbite (7900m)(w),Route preparation,3,7900,3,0,1,0,1,0,1992,1,1992 Spr,Aborted at high camp,Accident (Death or Injury to Self or Others),India (Deepak Kulkarni),0,0,0,EVER-921-03,5,EVER,Nepal,1,S Col-SE Ridge,,,,0,0,0,0,0,0,0,0,0,0,
Deepak,Kulkarni,Deepak Kulkarni,India,,M,31,1960,2-May-92,6:00,6,2-May,5/2/92,Exposure/Frostbite (7800m)(w),Route preparation,3,7800,3,0,1,0,0,1,1992,1,1992 Spr,Aborted below high camp,Accident (Death or Injury to Self or Others),India (Deepak Kulkarni),0,0,0,EVER-921-03,1,EVER,Nepal,1,S Col-SE Ridge,,,,0,0,0,0,0,0,0,0,0,0,
Subba Singh,Tamang,Subba Singh Tamang (Sigadi),Nepal, (Sigadi),M,43,,11-May-92,,0,11-May,5/11/92,Illness (non-AMS) (5350m),Death at BC,10,5350,2,0,0,0,0,1,1992,1,1992 Spr,No summit bid,Did Not Climb or Intend to Smt,Spain (Albino Quinteiro),1,0,0,EVER-921-08,18,EVER,Nepal,0,,,,,0,0,0,0,0,0,0,0,0,0,
Sher,Singh,Sher Singh,India,,M,0,,22-May-92,16:00,16,22-May,5/22/92,Crevasse (5500m),Expedition evacuation,5,5500,6,0,0,0,0,1,1992,1,1992 Spr,No summit bid,Did Not Climb or Intend to Smt,India (Hukam Singh),1,0,0,EVER-921-11,18,EVER,Nepal,1,S Col-SE Ridge,,,,0,0,0,0,0,0,0,0,0,0,
Manabu,Hoshi,Manabu Hoshi,Japan,,M,28,,23-May-92,,0,23-May,5/23/92,Fall (8300m)(w),Ascending in summit bid,4,8300,4,0,1,0,1,0,1992,1,1992 Spr,Aborted below high camp,Accident (Death or Injury to Self or Others),"Japan (Motomu Ohmyia, Valeri Khrishchati)",0,0,0,EVER-921-13,6,EVER,China,1,NE Ridge,,,,0,0,0,0,0,0,0,0,0,0,
Nun,Thapa,Nun Thapa,Nepal,,M,0,,Aut 1992,,0,,  -   -,Illness (non-AMS) (4270m),Death at BC,10,4270,2,0,0,0,0,1,1992,3,1992 Aut,No summit bid,Did Not Climb or Intend to Smt,Nepal (Iman Gurung),1,0,0,EVER-923-14,3,EVER,Nepal,0,,,,,0,0,0,0,0,0,0,0,0,0,
Ang Gyalzen,Sherpa,Ang Gyalzen Sherpa,Nepal,,M,41,,9-Sep-92,,0,9-Sep,9/9/92,Other (e),Death enroute BC,11,0,1,0,0,0,0,1,1992,3,1992 Aut,No summit bid,Did Not Climb or Intend to Smt,France (Michel Pelle),1,1,0,EVER-923-13,28,EVER,Nepal,0,,,,,0,0,0,3,3,1,1,1,0,7618,DHA5
Ang Tshering,Sherpa,Ang Tshering Sherpa,Nepal,,M,0,,15-Jan-92,,0,15-Jan,1/15/93,Crevasse (6300m),Route preparation,5,6300,3,0,0,0,0,1,1992,4,1992 Win,No summit bid,Route/Camp Preparation or Fixing Rope,Spain (Fernando Garrido),1,1,0,EVER-924-02,4,EVER,Nepal,1,S Col-SE Ridge,,,,4,4,0,20,18,5,9,9,0,8300,EVER
Pasang Lhamu,Sherpa,Ms. Pasang Lhamu Sherpa (Surke),Nepal, (Surke),F,30,1962,23-Apr-93,7:30,7.5,23-Apr,4/23/93,Exhaustion (8750m)(a),Descending from summit bid,2,8750,5,1,0,1,1,0,1993,1,1993 Spr,Successful bid,Success,Nepal (Pasang Lhamu Sherpa),0,1,0,EVER-931-11,1,EVER,Nepal,1,S Col-SE Ridge,,,,0,0,0,0,0,0,0,0,0,0,
Sonam Tshering,Sherpa,Sonam Tshering Sherpa (Beding),Nepal, (Beding),M,33,,23-Apr-93,7:30,7.5,23-Apr,4/23/93,Fall (8750m)(a),Descending from summit bid,4,8750,5,1,0,1,1,0,1993,1,1993 Spr,Successful bid,Success,Nepal (Pasang Lhamu Sherpa),1,1,0,EVER-931-11,10,EVER,Nepal,1,S Col-SE Ridge,,,,0,0,0,0,0,0,0,0,0,0,
Lobsang Tshering,Bhotia,Lobsang Tshering Bhotia,India,,M,40,1952,10-May-93,,0,10-May,5/10/93,Fall (8600m),Descending from summit bid,4,8600,5,0,0,1,1,0,1993,1,1993 Spr,Successful bid,Success,Australia (Tashi Tenzing),0,0,1,EVER-931-10,6,EVER,Nepal,1,S Col-SE Ridge,,,,1,1,0,5,5,2,2,2,0,8400,KANG
Jin-Seob,An,Jin-Seob An,S Korea,,M,25,1968,17-May-93,9:30,9.5,17-May,5/17/93,Fall (7600m),Descending from summit bid,4,7600,5,0,0,1,1,0,1993,1,1993 Spr,Successful bid,Success,S Korea (Lee Jong-Ryang),0,0,0,EVER-931-04,3,EVER,Nepal,2,S Col-SE Ridge,,,,0,0,0,0,0,0,0,0,0,0,
Won-Woo,Nam,Won-Woo Nam,S Korea,,M,27,1965,17-May-93,,0,17-May,5/17/93,Fall (7800m),Expedition evacuation,4,7800,6,0,0,0,0,1,1993,1,1993 Spr,No summit bid,Other,S Korea (Lee Jong-Ryang),0,0,0,EVER-931-04,7,EVER,Nepal,1,SW Face (to 8450m),,,,1,1,0,1,1,0,1,1,0,0,
Karl Gordon,Henize,Karl Gordon Henize,USA,,M,66,1926,5-Oct-93,,0,5-Oct,10/5/93,AMS (6000m)(a),Death at BC,1,6000,2,1,0,0,0,1,1993,3,1993 Aut,No summit bid,Did Not Climb or Intend to Smt,UK (Jonathan Tinker),0,0,0,EVER-933-07,11,EVER,China,1,N Col-N Face,,,,0,0,0,0,0,0,0,0,0,0,
Antonio,Miranda,Antonio Miranda,Spain,,M,35,1958,7-Oct-93,,0,7-Oct,10/7/93,Fall (8300m),Descending from summit bid,4,8300,5,0,0,0,1,0,1993,3,1993 Aut,Aborted above high camp,"Exhaustion, Fatigue, Weakness or Lack of Motivatio",Spain (Juanito Oiarzabal),0,0,0,EVER-933-03,6,EVER,Nepal,1,S Pillar,,,,0,0,0,0,0,0,0,0,0,0,
Prem,Thapa,Prem Thapa,Nepal,,M,0,,6-Apr-94,,0,6-Apr,4/6/94,AMS (5150m)(a),Death at BC,1,5150,2,1,0,0,0,1,1994,1,1994 Spr,No summit bid,Did Not Climb or Intend to Smt,"Italy (Giuseppe Vigani, Bruno Ongis)",1,0,0,EVER-941-09,17,EVER,China,0,,,,,0,0,0,0,0,0,0,0,0,0,
Fang-Fang (Norman),Shih,Fang-Fang (Norman) Shih,Taiwan,,M,27,1967,9-May-94,12:00,12,9-May,5/9/94,Exhaustion (8700m),Descending from summit bid,2,8700,5,0,0,1,1,0,1994,1,1994 Spr,Successful bid,Success,Taiwan (Chang Jui-Kong),0,0,0,EVER-941-06,11,EVER,China,1,N Col-N Ridge-N Face up; Great Couloir down,,,,0,0,0,0,0,0,0,0,0,0,
Giuseppe,Vigani,Giuseppe Vigani,Italy,,M,43,1951,15-May-94,,0,15-May,5/15/94,Fall (8000m),Expedition evacuation,4,8000,6,0,0,0,1,0,1994,1,1994 Spr,Aborted above high camp,"Bad Weather (Storms, High Winds)","Italy (Giuseppe Vigani, Bruno Ongis)",0,0,0,EVER-941-09,2,EVER,China,1,N Face (Great Couloir),,,,0,0,0,1,1,1,1,1,1,8188,CHOY
Michael Anthony,Rheinberger,Michael Anthony Rheinberger,Australia,,M,53,1940,27-May-94,,0,27-May,5/27/94,Exhaustion (8680m)(a),Descending from summit bid,2,8680,5,1,0,1,1,0,1994,1,1994 Spr,Successful bid,Success,USA (Eric Simonson),0,0,0,EVER-941-03,16,EVER,China,1,N Col-N Ridge-N Face,,,,6,6,0,8,8,0,7,7,0,8500,EVER
Mingma Norbu/Nuru,Sherpa,Mingma Norbu/Nuru Sherpa (Beding),Nepal, (Beding),M,24,,12-Sep-94,12:00,12,12-Sep,9/12/94,Avalanche (6750m),Route preparation,7,6750,3,0,0,0,0,1,1994,3,1994 Aut,No summit bid,Accident (Death or Injury to Self or Others),Norway (Jon Gangdal),1,1,0,EVER-943-03,21,EVER,China,1,N Rib-W Ridge,,,,0,0,0,0,0,0,0,0,0,0,
Kami Rita,Sherpa,Kami Rita Sherpa,Nepal,,M,22,,6-May-95,,0,6-May,5/6/95,Fall (7100m),Route preparation,4,7100,3,0,0,0,0,1,1995,1,1995 Spr,No summit bid,Accident (Death or Injury to Self or Others),USA (Todd Burleson),1,1,0,EVER-951-09,14,EVER,Nepal,1,S Col-SE Ridge,,,,0,0,0,0,0,0,0,0,0,0,
Xavier,Lamas Miralles,Xavier Lamas Miralles,Spain,,M,32,1963,Aut 1995,,0,,  -   -,Avalanche (e),Death enroute BC,7,0,1,0,0,0,0,1,1995,3,1995 Aut,No summit bid,Accident (Death or Injury to Self or Others),Spain (Albert Castellet),0,0,0,EVER-953-02,6,EVER,China,0,,,,,0,0,0,1,1,0,1,1,0,0,
Lhakpa Nuru,Sherpa,Lhakpa Nuru Sherpa (Kharikhola),Nepal, (Kharikhola),M,30,,10-Sep-95,,0,10-Sep,9/10/95,Avalanche (6900m),Route preparation,7,6900,3,0,0,0,0,1,1995,3,1995 Aut,No summit bid,Accident (Death or Injury to Self or Others),S Korea (Lee Dong-Ho),1,1,0,EVER-953-06,10,EVER,China,1,NE Ridge (to 7700m),,,,0,0,0,0,0,0,0,0,0,0,
Jangbu,Sherpa,Jangbu Sherpa (Nele),Nepal, (Nele),M,28,1967,14-Oct-95,,0,14-Oct,10/14/95,Fall (8800m),Descending from summit bid,4,8800,5,0,0,1,1,0,1995,3,1995 Aut,Successful bid,Success,S Korea (Kim Jong-Ho),1,1,0,EVER-953-05,9,EVER,China,1,N Col-NE Ridge,,,,0,0,0,0,0,0,0,0,0,0,
Nawang Dorje,Sherpa,Nawang Dorje Sherpa (Rolwaling),Nepal, (Rolwaling),M,0,,23-Apr-96,,0,23-Apr,4/23/96,AMS (6450m)(a),Route preparation,1,6450,3,1,0,0,0,1,1996,1,1996 Spr,No summit bid,"Altitude (AMS Symptoms, Breathing or Unwell)",USA (Scott Fischer),1,1,0,EVER-961-13,14,EVER,Nepal,1,S Col-SE Ridge,,,,0,0,0,0,0,0,0,0,0,0,
Yu-Nan,Chen,Yu-Nan Chen,Taiwan,,M,36,1959,9-May-96,6:00,6,9-May,5/9/96,Fall (7200m),Route preparation,4,7200,3,0,0,0,1,0,1996,1,1996 Spr,Aborted below high camp,Accident (Death or Injury to Self or Others),Taiwan (Gau Ming-Ho (Makalu)),0,0,0,EVER-961-01,2,EVER,Nepal,1,S Col-SE Ridge,,,,0,0,0,1,1,0,1,1,0,0,
Douglas (Doug),Hansen,Douglas (Doug) Hansen,USA,,M,46,1949,10-May-96,,0,10-May,5/10/96,Exposure/Frostbite (8700m)(w),Descending from summit bid,3,8700,5,0,1,1,1,0,1996,1,1996 Spr,Successful bid,Success,New Zealand (Rob Hall),0,0,0,EVER-961-15,4,EVER,Nepal,1,S Col-SE Ridge,,,,1,1,0,1,1,0,1,1,0,8750,EVER
Andrew Michael (Andy),Harris,Andrew Michael (Andy) Harris,New Zealand,,M,31,1964,10-May-96,,0,10-May,5/10/96,Fall (8400m)(w),Descending from summit bid,4,8400,5,0,1,1,1,0,1996,1,1996 Spr,Successful bid,Success,New Zealand (Rob Hall),0,0,0,EVER-961-15,5,EVER,Nepal,1,S Col-SE Ridge,,,,0,0,0,1,1,1,0,0,0,6686,CHOB
Dorje Morup,,Dorje Morup,India,,M,47,1948,11-May-96,,0,11-May,5/11/96,Exposure/Frostbite (8680m)(w),Descending from summit bid,3,8680,5,0,1,1,1,0,1996,1,1996 Spr,Successful bid,Success,India (Mohinder Singh),0,0,1,EVER-961-10,4,EVER,China,1,N Col-N Ridge-N Face,,,,0,0,0,0,0,0,0,0,0,0,
Tsewang Paljor,,Tsewang Paljor,India,,M,28,1968,11-May-96,,0,11-May,5/11/96,Exposure/Frostbite (8550m)(w),Descending from summit bid,3,8550,5,0,1,1,1,0,1996,1,1996 Spr,Successful bid,Success,India (Mohinder Singh),0,0,0,EVER-961-10,5,EVER,China,1,N Col-N Ridge-N Face,,,,0,0,0,0,0,0,0,0,0,0,
Scott Eugene,Fischer,Scott Eugene Fischer,USA,,M,40,1955,11-May-96,12:00,12,11-May,5/11/96,Exposure/Frostbite (8400m)(a)(w),Descending from summit bid,3,8400,5,1,1,1,1,0,1996,1,1996 Spr,Successful bid,Success,USA (Scott Fischer),0,0,0,EVER-961-13,1,EVER,Nepal,1,S Col-SE Ridge,,,,4,4,1,8,8,4,5,5,2,8849,EVER
Robert Edwin (Rob),Hall,Robert Edwin (Rob) Hall,New Zealand,,M,35,1961,11-May-96,17:00,17,11-May,5/11/96,Exposure/Frostbite (8700m)(w),Descending from summit bid,3,8700,5,0,1,1,1,0,1996,1,1996 Spr,Successful bid,Success,New Zealand (Rob Hall),0,0,0,EVER-961-15,1,EVER,Nepal,1,S Col-SE Ridge,,,,7,7,4,15,15,10,13,13,8,8849,EVER
Yasuko,Namba,Ms. Yasuko Namba,Japan,,F,47,1949,11-May-96,3:00,3,11-May,5/11/96,Exposure/Frostbite (7900m)(w),Descending from summit bid,3,7900,5,0,1,1,1,0,1996,1,1996 Spr,Successful bid,Success,New Zealand (Rob Hall),0,0,0,EVER-961-15,10,EVER,Nepal,1,S Col-SE Ridge,,,,0,0,0,0,0,0,0,0,0,0,
Tsewang,Smanla,Tsewang Smanla,India,,M,38,1957,11-May-96,,0,11-May,5/11/96,Exposure/Frostbite (8700m)(w),Descending from summit bid,3,8700,5,0,1,1,1,0,1996,1,1996 Spr,Successful bid,Success,India (Mohinder Singh),0,0,0,EVER-961-10,31,EVER,China,1,N Col-N Ridge-N Face,,,,0,0,0,1,1,1,1,1,1,8586,KANG
Reinhard,Wlasich,Reinhard Wlasich,Austria,,M,45,1951,19-May-96,1:45,1.75,19-May,5/19/96,AMS (8250m)(a),Route preparation,1,8250,3,1,0,0,1,0,1996,1,1996 Spr,Aborted at high camp,"Altitude (AMS Symptoms, Breathing or Unwell)",Hungary (Sandor Nagy),0,0,0,EVER-961-22,17,EVER,China,2,N Col-Great Couloir-N Ridge (to 8250m),,,,0,0,0,1,1,1,1,1,1,8188,CHOY
Bruce,Herrod,Bruce Herrod,UK,,M,37,1958,25-May-96,18:00,18,25-May,5/25/96,Fall (8750m),Descending from summit bid,4,8750,5,0,0,1,1,0,1996,1,1996 Spr,Successful bid,Success,S Africa (Ian Woodall),0,0,0,EVER-961-08,6,EVER,Nepal,1,S Col-SE Ridge,,,,0,0,0,0,0,0,0,0,0,0,
Yves,Bouchon,Yves Bouchon,France,,M,47,1949,21-Sep-96,,0,21-Sep,9/21/96,Avalanche (7800m),Route preparation,7,7800,3,0,0,0,0,1,1996,3,1996 Aut,No summit bid,Accident (Death or Injury to Self or Others),France (Bernard Muller),0,0,0,EVER-963-06,2,EVER,Nepal,1,S Col-SE Ridge,,,,0,0,0,0,0,0,0,0,0,0,
Dawa,Sherpa,Dawa Sherpa (Salleri),Nepal, (Salleri),M,35,,21-Sep-96,,0,21-Sep,9/21/96,Avalanche (7800m),Route preparation,7,7800,3,0,0,0,0,1,1996,3,1996 Aut,No summit bid,Accident (Death or Injury to Self or Others),S Korea (Lim Hyung-Chil),1,1,0,EVER-963-02,10,EVER,Nepal,1,S Col-SE Ridge,,,,0,0,0,0,0,0,0,0,0,0,
Lobsang Jangbu,Sherpa,Lobsang Jangbu Sherpa (Beding),Nepal, (Beding),M,25,1971,21-Sep-96,,0,21-Sep,9/21/96,Avalanche (7800m),Route preparation,7,7800,3,0,0,0,0,1,1996,3,1996 Aut,No summit bid,Accident (Death or Injury to Self or Others),Japan (Hirofumi Konishi),1,1,0,EVER-963-04,3,EVER,Nepal,1,S Col-SE Ridge,,,,0,0,0,0,0,0,0,0,0,0,
Malcolm (Mal),Duff,Malcolm (Mal) Duff,UK,,M,43,1953,22-Apr-97,,0,22-Apr,4/22/97,Illness (non-AMS) (5350m),Death at BC,10,5350,2,0,0,0,0,1,1997,1,1997 Spr,No summit bid,Accident (Death or Injury to Self or Others),UK (Malcolm Duff),0,0,0,EVER-971-26,1,EVER,Nepal,0,,,,,3,3,0,14,14,2,6,6,1,8188,CHOY
Nima Rinji,Sherpa,Nima Rinji Sherpa (Lokhim),Nepal, (Lokhim),M,30,,6-May-97,,0,6-May,5/6/97,Fall (7600m),Route preparation,4,7600,3,0,0,0,0,1,1997,1,1997 Spr,No summit bid,Accident (Death or Injury to Self or Others),Malaysia (Nor Ramlle Sulaiman),1,1,0,EVER-971-04,28,EVER,Nepal,1,S Col-SE Ridge,,,,0,0,0,0,0,0,0,0,0,0,
Nikolai,Chevtchenko,Nikolai Chevtchenko,Russia,,M,52,1944,7-May-97,,0,7-May,5/7/97,Exposure/Frostbite (8700m),Descending from summit bid,3,8700,5,0,0,1,1,0,1997,1,1997 Spr,Successful bid,Success,Kazakhstan (Ervand T. Ilyinski),0,0,0,EVER-971-08,3,EVER,China,1,N Col-NE Ridge,,,,0,0,0,0,0,0,0,0,0,0,
Ivan,Plotnikov,Ivan Plotnikov,Russia,,M,36,1960,7-May-97,,0,7-May,5/7/97,Exposure/Frostbite (8700m),Descending from summit bid,3,8700,5,0,0,1,1,0,1997,1,1997 Spr,Successful bid,Success,Kazakhstan (Ervand T. Ilyinski),0,0,0,EVER-971-08,19,EVER,China,1,N Col-NE Ridge,,,,0,0,0,3,3,3,3,3,3,8485,MAKA
Mingmar (Mingma),Tamang,Mingmar (Mingma) Tamang (Chimding),Nepal, (Chimding),M,35,,7-May-97,,0,7-May,5/7/97,Fall (8500m),Descending from summit bid,4,8500,5,0,0,0,1,0,1997,1,1997 Spr,Aborted above high camp,"Exhaustion, Fatigue, Weakness or Lack of Motivatio",S Korea (Lee Dong-Yeon),1,0,0,EVER-971-25,12,EVER,China,1,N Col-NE Ridge,,,,0,0,0,0,0,0,0,0,0,0,
Alexandre,Torochin,Alexandre Torochin,Russia,,M,45,1951,7-May-97,14:00,14,7-May,5/7/97,Fall (8500m),Ascending in summit bid,4,8500,4,0,0,0,1,0,1997,1,1997 Spr,Aborted above high camp,"Bad Weather (Storms, High Winds)",Kazakhstan (Ervand T. Ilyinski),0,0,0,EVER-971-08,24,EVER,China,1,N Col-NE Ridge,,,,0,0,0,0,0,0,0,0,0,0,
Peter Andreas,Kowalzik,Peter Andreas Kowalzik,Germany,,M,29,1967,8-May-97,,0,8-May,5/8/97,Disappearance(8560m),Ascending in summit bid,9,8560,4,0,0,0,0,1,1997,1,1997 Spr,Aborted above high camp,Accident (Death or Injury to Self or Others),Germany (Peter Kowalzik),0,0,0,EVER-971-16,1,EVER,China,1,N Col-NE Ridge,,,,4,4,0,5,5,1,5,5,1,8650,EVER
Tenzing Nuru,Sherpa,Tenzing Nuru Sherpa (Yilajung),Nepal, (Yilajung),M,27,,25-May-97,,0,25-May,5/25/97,Fall (8800m),Descending from summit bid,4,8800,5,0,0,1,1,0,1997,1,1997 Spr,Successful bid,Success,USA (Todd Burleson),1,1,0,EVER-971-21,12,EVER,Nepal,1,S Col-SE Ridge,,,,0,0,0,0,0,0,0,0,0,0,
Byung-Soo,Choi,Byung-Soo Choi,S Korea,,M,33,1964,8-Sep-97,,0,8-Sep,9/8/97,Avalanche (6800m),Route preparation,7,6800,3,0,0,0,0,1,1997,3,1997 Aut,No summit bid,Accident (Death or Injury to Self or Others),S Korea (Kim Teuk-Hee),0,0,0,EVER-973-09,3,EVER,China,1,N Col-NE Ridge,,,,0,0,0,3,3,1,2,2,1,8188,CHOY
Sergei Anatolievich,Arsentiev,Sergei Anatolievich Arsentiev,Russia,,M,39,1958,23-May-98,,0,23-May,5/23/98,Disappearance(8500m),Descending from summit bid,9,8500,5,0,0,1,0,1,1998,1,1998 Spr,Successful bid,Success,Russia (Boris Sedousov),0,0,0,EVER-981-07,4,EVER,China,1,N Col-NE Ridge,,,,1,1,1,6,6,5,6,6,5,8849,EVER
Francys,Distefano-Arsentiev,Ms. Francys Distefano-Arsentiev,USA,,F,40,1958,24-May-98,8:45,8.75,24-May,5/24/98,Exposure/Frostbite (8600m)(a),Descending from summit bid,3,8600,5,1,0,1,0,1,1998,1,1998 Spr,Successful bid,Success,Russia (Boris Sedousov),0,0,0,EVER-981-07,9,EVER,China,1,N Col-NE Ridge,,,,0,0,0,0,0,0,0,0,0,0,
Roger,Buick,Roger Buick,New Zealand,,M,52,1946,26-May-98,,0,26-May,5/26/98,Exposure/Frostbite (7400m),Route preparation,3,7400,3,0,0,0,0,1,1998,1,1998 Spr,Aborted below high camp,Accident (Death or Injury to Self or Others),New Zealand (Roger Buick),0,0,0,EVER-981-32,1,EVER,China,1,N Col-NE Ridge,,,,0,0,0,0,0,0,0,0,0,0,
Mark Howard,Jennings,Mark Howard Jennings,UK,,M,49,1948,26-May-98,,0,26-May,5/26/98,AMS (8200m)(a),Descending from summit bid,1,8200,5,1,0,1,1,0,1998,1,1998 Spr,Successful bid,Success,UK (Mark Jennings),0,0,0,EVER-981-25,1,EVER,China,1,N Col-NE Ridge,,,,2,2,0,2,2,0,2,2,0,7900,EVER
Vasili (Vazyl),Kopytko,Vasili (Vazyl) Kopytko,Ukraine,,M,34,1964,8-May-99,,0,8-May,5/8/99,Exposure/Frostbite (8500m),Descending from summit bid,3,8500,5,0,0,1,0,1,1999,1,1999 Spr,Successful bid,Success,Ukraine (Valentin Simonenko),0,0,0,EVER-991-34,6,EVER,China,1,N Col-NE Ridge,,,,0,0,0,4,4,3,2,2,1,8188,CHOY
Michael Robert,Matthews,Michael Robert Matthews,UK,,M,22,1977,13-May-99,,0,13-May,5/13/99,Fall (8600m)(w),Descending from summit bid,4,8600,5,0,1,1,1,0,1999,1,1999 Spr,Successful bid,Success,"UK (Jonathan Tinker, Nikola Kekus)",0,0,0,EVER-991-18,12,EVER,Nepal,1,S Col-SE Ridge,,,,0,0,0,0,0,0,0,0,0,0,
Tadeusz (Tadek),Kudelski,Tadeusz (Tadek) Kudelski,Poland,,M,44,1954,18-May-99,17:00,17,18-May,5/18/99,Fall (8600m),Descending from summit bid,4,8600,5,0,0,1,1,0,1999,1,1999 Spr,Successful bid,Success,Poland (Ryszard Pawlowski),0,0,0,EVER-991-31,7,EVER,China,1,N Col-NE Ridge,,,,0,0,0,0,0,0,0,0,0,0,
Pascal,Debrouwer,Pascal Debrouwer,Belgium,,M,29,1970,19-May-99,,0,19-May,5/19/99,Fall (8400m),Descending from summit bid,4,8400,5,0,0,1,1,0,1999,1,1999 Spr,Successful bid,Success,Belgium (Pascal Debrouwer),0,0,0,EVER-991-04,1,EVER,China,1,N Col-NE Ridge,,,,2,2,0,5,5,1,5,5,1,8300,EVER
Jeppe,Stoltz,Jeppe Stoltz,Denmark,,M,27,1972,20-May-00,6:30,6.5,20-May,5/20/00,Fall (8500m),Ascending in summit bid,4,8500,4,0,0,0,0,1,2000,1,2000 Spr,Aborted above high camp,Accident (Death or Injury to Self or Others),Denmark (Per Bager),0,0,0,EVER-001-47,2,EVER,China,1,N Col-NE Ridge,,,,0,0,0,0,0,0,0,0,0,0,
Geng-Hua,Yan,Geng-Hua Yan,China,,M,41,1958,21-May-00,,0,21-May,5/21/00,Exposure/Frostbite (8750m),Descending from summit bid,3,8750,5,0,0,1,1,0,2000,1,2000 Spr,Successful bid,Success,China (Yan Geng-Hua),0,0,0,EVER-001-43,1,EVER,China,1,N Col-NE Ridge,,,,1,1,0,1,1,0,1,1,0,8100,EVER
Babu Chiri (Babu Tshering),Sherpa,Babu Chiri (Babu Tshering) Sherpa (Chhulemu),Nepal, (Chhulemu),M,35,1965,29-Apr-01,16:00,16,29-Apr,4/29/01,Crevasse (6400m),Route preparation,5,6400,3,0,0,0,0,1,2001,1,2001 Spr,No summit bid,Accident (Death or Injury to Self or Others),USA (Brant Didden),1,1,0,EVER-011-01,4,EVER,Nepal,1,S Col-SE Ridge,,,,0,0,0,0,0,0,0,0,0,0,
Peter Gerfried,Ganner,Peter Gerfried Ganner,Austria,,M,57,1944,23-May-01,8:00,8,23-May,5/23/01,Fall (8500m),Ascending in summit bid,4,8500,4,0,0,0,1,0,2001,1,2001 Spr,Aborted above high camp,Accident (Death or Injury to Self or Others),Austria (Peter Ganner),0,0,0,EVER-011-12,1,EVER,Nepal,1,S Col-SE Ridge,,,,0,0,0,1,1,1,1,1,1,8188,CHOY
Mark,Auricht,Mark Auricht,Australia,,M,37,1963,24-May-01,7:00,7,24-May,5/24/01,Illness (non-AMS) (7900m),Descending from summit bid,10,7900,5,0,0,0,1,0,2001,1,2001 Spr,Aborted above high camp,Too Late in Day or Too Slow,Australia (Duncan Chessell),0,0,0,EVER-011-26,2,EVER,China,1,N Col-NE Ridge,,,,0,0,0,2,2,2,1,1,1,8485,MAKA
Aleksei (Alex),Nikiforov,Aleksei (Alex) Nikiforov,Russia,,M,45,1955,24-May-01,17:00,17,24-May,5/24/01,AMS (8400m)(a),Descending from summit bid,1,8400,5,1,0,0,1,0,2001,1,2001 Spr,Aborted above high camp,"Altitude (AMS Symptoms, Breathing or Unwell)",Russia (Dmitri Bochkov),0,0,0,EVER-011-48,8,EVER,China,1,N Col-NE Ridge,,,,0,0,0,1,1,1,1,1,1,8485,MAKA
Santor,Gardos,Santor Gardos,Hungary,,M,38,1963,17-Oct-01,,0,17-Oct,10/17/01,Fall (7000m),Route preparation,4,7000,3,0,0,0,0,1,2001,3,2001 Aut,Aborted below high camp,Accident (Death or Injury to Self or Others),Hungary (Laszlo Mecs),0,0,0,EVER-013-03,6,EVER,China,1,N Col-NE Ridge,,,,0,0,0,0,0,0,0,0,0,0,
Peter,Legate,Peter Legate,UK,,M,38,1963,30-Apr-02,6:30,6.5,30-Apr,4/30/02,Fall (7000m),Route preparation,4,7000,3,0,0,0,0,1,2002,1,2002 Spr,No summit bid,Accident (Death or Injury to Self or Others),UK (Henry Todd),0,0,0,EVER-021-39,5,EVER,Nepal,1,S Col-SE Ridge,,,,0,0,0,1,1,0,0,0,0,6250,AMAD
Zoran,Miletic,Zoran Miletic,Yugoslavia,,M,41,1960,17-May-02,,0,17-May,5/17/02,Unknown (7800m),Descending from summit bid,12,7800,5,0,0,0,1,0,2002,1,2002 Spr,Aborted above high camp,Unknown,"Russia (Viachoslav Skripko, Borislav Dimitrov)",0,0,0,EVER-021-03,6,EVER,China,1,N Col-N Face,,,,1,1,0,2,2,0,1,1,0,8550,EVER
Marco,Siffredi,Marco Siffredi,France,,M,23,1979,8-Sep-02,13:15,13.25,8-Sep,9/8/02,Fall (8600m),Descending from summit bid,4,8600,5,0,0,1,1,0,2002,3,2002 Aut,Successful bid,Success,France (Marco Siffredi),0,0,0,EVER-023-01,1,EVER,China,1,"N Col up, Hornbein Couloir down",,,,1,1,1,3,3,3,2,2,2,8849,EVER
Arnaud,Saulnier,Arnaud Saulnier,France,,M,30,,8-Apr-03,,0,8-Apr,4/8/03,Illness (non-AMS) (5300m),Death at BC,10,5300,2,0,0,0,0,1,2003,1,2003 Spr,No summit bid,Accident (Death or Injury to Self or Others),France (Jean-Michel Asselin),0,0,0,EVER-031-14,19,EVER,Nepal,0,,,,,0,0,0,0,0,0,0,0,0,0,
Karma Gyalzen,Sherpa,Karma Gyalzen Sherpa (Kurima),Nepal, (Kurima),M,28,,24-May-03,19:30,19.5,24-May,5/24/03,AMS (6000m)(a),Expedition evacuation,1,6000,6,1,0,0,0,1,2003,1,2003 Spr,No summit bid,Route/Camp Preparation or Fixing Rope,USA (Gary Guller),1,1,0,EVER-031-24,6,EVER,Nepal,1,S Col-SE Ridge,,,,0,0,0,0,0,0,0,0,0,0,
Jan Krysztof,Liszewski,Jan Krysztof Liszewski,Poland,,M,55,1948,25-May-03,,0,25-May,5/25/03,Fall (7600m),Route preparation,4,7600,3,0,0,0,0,1,2003,1,2003 Spr,Aborted at high camp,Accident (Death or Injury to Self or Others),Poland (Krysztof Liszewski),0,0,0,EVER-031-61,1,EVER,China,1,N Col-N Face,,,,1,1,0,3,3,0,3,3,0,8650,EVER
Bhim Bahadur,Gurung,Bhim Bahadur Gurung (Karmaiya),Nepal, (Karmaiya),M,38,1964,27-May-03,,0,27-May,5/27/03,Crevasse (5900m),Expedition evacuation,5,5900,6,0,0,1,1,0,2003,1,2003 Spr,Successful bid,Success,Nepal (Surya Sen Thakuri (Nepalese team)),0,0,0,EVER-031-05,7,EVER,Nepal,1,S Col-SE Ridge,,,,0,0,0,0,0,0,0,0,0,0,
Nils P.,Antezana,Nils P. Antezana,USA,,M,69,1935,18-May-04,,0,18-May,5/18/04,Exhaustion (8500m)(a),Descending from summit bid,2,8500,5,1,0,1,1,0,2004,1,2004 Spr,Successful bid,Success,Argentina (Gustavo Lisi),0,0,0,EVER-041-53,2,EVER,Nepal,1,S Col-SE Ridge,,,,0,0,0,0,0,0,0,0,0,0,
Joon-Ho,Baek,Joon-Ho Baek,S Korea,,M,36,1967,18-May-04,,0,18-May,5/18/04,Exhaustion (8500m),Ascending in summit bid,2,8500,4,0,0,0,1,0,2004,1,2004 Spr,Aborted above high camp,"Assisting, Guiding, Supporting or Accompanying Oth",S Korea (Baek Joon-Ho),0,0,0,EVER-041-42,1,EVER,China,1,N Col-NE Ridge,,,,0,0,0,2,2,2,2,2,2,8516,LHOT
Min,Jang,Min Jang,S Korea,,M,26,1978,18-May-04,,0,18-May,5/18/04,Exhaustion (8700m),Descending from summit bid,2,8700,5,0,0,1,1,0,2004,1,2004 Spr,Successful bid,Success,S Korea (Baek Joon-Ho),0,0,0,EVER-041-42,3,EVER,China,1,N Col-NE Ridge,,,,0,0,0,1,1,0,1,1,0,0,
Mu-Taek,Park,Mu-Taek Park,S Korea,,M,34,1969,18-May-04,,0,18-May,5/18/04,Exposure/Frostbite (8500m),Descending from summit bid,3,8500,5,0,0,1,1,0,2004,1,2004 Spr,Successful bid,Success,S Korea (Baek Joon-Ho),0,0,0,EVER-041-42,5,EVER,China,1,N Col-NE Ridge,,,,1,1,1,5,5,4,3,3,3,8849,EVER
Hristo Ganchev,Hristov,Hristo Ganchev Hristov,Bulgaria,,M,26,1977,20-May-04,,0,20-May,5/20/04,Exhaustion (8600m),Descending from summit bid,2,8600,5,0,0,1,0,1,2004,1,2004 Spr,Successful bid,Success,Bulgaria (Metodi Savov),0,0,0,EVER-041-07,3,EVER,China,1,N Col-NE Ridge,,,,0,0,0,0,0,0,0,0,0,0,
Shoko,Ota,Ms. Shoko Ota,Japan,,F,63,1941,20-May-04,,0,20-May,5/20/04,Fall (8600m),Descending from summit bid,4,8600,5,0,0,1,1,0,2004,1,2004 Spr,Successful bid,Success,Japan (Kenji Kondo),0,0,0,EVER-041-31,6,EVER,China,1,N Col-NE Ridge,,,,0,0,0,1,1,1,1,1,1,8188,CHOY
Mariana Prodanova,Maslarova,Ms. Mariana Prodanova Maslarova,Bulgaria,,F,43,1961,23-May-04,17:30,17.5,23-May,5/23/04,Disappearance(8700m),Ascending in summit bid,9,8700,4,0,0,0,1,0,2004,1,2004 Spr,Aborted above high camp,Accident (Death or Injury to Self or Others),Bulgaria (Mariana Maslarova),0,0,0,EVER-041-09,1,EVER,China,1,N Col-NE Ridge,,,,0,0,0,0,0,0,0,0,0,0,
Sean,Egan,Sean Egan,Canada,,M,63,1942,28-Apr-05,,0,28-Apr,4/28/05,Illness (non-AMS) (4600m),Death at BC,10,4600,2,0,0,0,0,1,2005,1,2005 Spr,No summit bid,Accident (Death or Injury to Self or Others),Canada (Sean Egan),0,0,0,EVER-051-86,1,EVER,Nepal,1,S Col-SE Ridge,,,,0,0,0,0,0,0,0,0,0,0,
Michael Corey,O'Brien,Michael Corey O'Brien,USA,,M,39,1965,2-May-05,12:00,12,2-May,5/2/05,Crevasse (5800m),Route preparation,5,5800,3,0,0,0,0,1,2005,1,2005 Spr,No summit bid,Accident (Death or Injury to Self or Others),USA (Dan Mazur),0,0,0,EVER-051-95,6,EVER,Nepal,1,S Col-SE Ridge,,,,0,0,0,1,1,0,1,1,0,8100,CHOY
Marko,Lihteneker,Marko Lihteneker,Slovenia,,M,35,1969,21-May-05,,0,21-May,5/21/05,Fall (8600m),Descending from summit bid,4,8600,5,0,0,1,1,0,2005,1,2005 Spr,Successful bid,Success,Russia (Alexander Abramov),0,0,0,EVER-051-15,11,EVER,China,1,N Col-NE Ridge,,,,0,0,0,0,0,0,0,0,0,0,
Sirigereshiva Shankarappa,Chaitanya,Sirigereshiva Shankarappa Chaitanya,India,,M,31,1973,30-May-05,,0,30-May,5/30/05,Fall (8700m),Descending from summit bid,4,8700,5,0,0,1,1,0,2005,1,2005 Spr,Successful bid,Success,India (Amit Chowdhury),0,0,0,EVER-051-42,2,EVER,China,1,N Col-NE Ridge,,,,0,0,0,0,0,0,0,0,0,0,
Dieter,Kramer,Dieter Kramer,Germany,,M,49,1956,4-Jun-05,,0,4-Jun,6/4/05,Illness (non-AMS) (8000m),Descending from summit bid,10,8000,5,0,0,0,1,0,2005,1,2005 Spr,Aborted above high camp,Too Late in Day or Too Slow,Switzerland (Karl Kobler),0,0,0,EVER-051-40,5,EVER,China,1,N Col-NE Ridge,,,,0,0,0,2,2,0,1,1,0,8140,CHOY
Robert William (Rob),Milne,Robert William (Rob) Milne,UK,,M,48,1956,5-Jun-05,2:30,2.5,5-Jun,6/5/05,Illness (non-AMS) (8200m),Ascending in summit bid,10,8200,4,0,0,0,1,0,2005,1,2005 Spr,Aborted above high camp,Accident (Death or Injury to Self or Others),UK (Henry Todd),0,0,0,EVER-051-90,9,EVER,Nepal,1,S Col-SE Ridge,,,,0,0,0,0,0,0,0,0,0,0,
Tuk Bahadur,Thapa Magar,Tuk Bahadur Thapa Magar,Nepal,,M,32,,4-Apr-06,23:40,23.67,4-Apr,4/4/06,AMS (7000m)(a),Route preparation,1,7000,3,1,0,0,0,1,2006,1,2006 Spr,No summit bid,Did Not Climb or Intend to Smt,New Zealand (Russell Brice),1,0,0,EVER-061-43,35,EVER,China,1,N Col-NE Ridge,,,,0,0,0,0,0,0,0,0,0,0,
Dawa Temba,Sherpa,Dawa Temba Sherpa (Thamo),Nepal, (Thamo),M,21,1984,21-Apr-06,7:30,7.5,21-Apr,4/21/06,Icefall Collapse (5800m),Route preparation,6,5800,3,0,0,0,0,1,2006,1,2006 Spr,No summit bid,Accident (Death or Injury to Self or Others),USA (Douglas Tumminello),1,1,0,EVER-061-02,4,EVER,Nepal,1,S Col-SE Ridge,,,,0,0,0,0,0,0,0,0,0,0,
Lhakpa Tshering/Chhiring,Sherpa,Lhakpa Tshering/Chhiring Sherpa (Mende),Nepal, (Mende),M,35,1971,21-Apr-06,7:30,7.5,21-Apr,4/21/06,Icefall Collapse (5800m),Route preparation,6,5800,3,0,0,0,0,1,2006,1,2006 Spr,No summit bid,Accident (Death or Injury to Self or Others),USA (Douglas Tumminello),1,1,0,EVER-061-02,5,EVER,Nepal,1,S Col-SE Ridge,,,,0,0,0,0,0,0,0,0,0,0,
Tenzing Phinzo (Ang Phintso),Sherpa,Tenzing Phinzo (Ang Phintso) Sherpa (Phortse),Nepal, (Phortse),M,53,1953,21-Apr-06,7:30,7.5,21-Apr,4/21/06,Icefall Collapse (5800m),Route preparation,6,5800,3,0,0,0,0,1,2006,1,2006 Spr,No summit bid,Accident (Death or Injury to Self or Others),USA (Mark Tucker),1,1,0,EVER-061-15,34,EVER,Nepal,1,S Col-SE Ridge,,,,0,0,0,0,0,0,0,0,0,0,
Sri,Kishan,Sri Kishan,India,,M,27,1979,14-May-06,14:15,14.25,14-May,5/14/06,Fall (8400m),Descending from summit bid,4,8400,5,0,0,1,1,0,2006,1,2006 Spr,Successful bid,Success,India (Harbhajan Singh),0,0,0,EVER-061-86,8,EVER,China,1,N Col-NE Ridge,,,,0,0,0,0,0,0,0,0,0,0,
David W.,Sharp,David W. Sharp,UK,,M,34,1972,15-May-06,,0,15-May,5/15/06,Exhaustion (8500m),Descending from summit bid,2,8500,5,0,0,0,1,0,2006,1,2006 Spr,Aborted above high camp,Accident (Death or Injury to Self or Others),UK (David Sharp),0,0,0,EVER-061-35,1,EVER,China,1,N Col-NE Ridge,,,,2,2,0,4,4,1,4,4,1,8550,EVER
Tomas Kenneth,Olsson,Tomas Kenneth Olsson,Sweden,,M,30,1976,16-May-06,11:45,11.75,16-May,5/16/06,Fall (8500m),Descending from summit bid,4,8500,5,0,0,1,1,0,2006,1,2006 Spr,Successful bid,Success,Sweden (Tomas Olsson),0,0,0,EVER-061-74,1,EVER,China,1,N Col-NE Ridge (up); Great Couloir (down),,,,0,0,0,1,1,1,1,1,1,8188,CHOY
Jacques-Hughes,Letrange,Jacques-Hughes Letrange,France,,M,39,1967,17-May-06,18:00,18,17-May,5/17/06,Exhaustion (8600m),Descending from summit bid,2,8600,5,0,0,1,1,0,2006,1,2006 Spr,Successful bid,Success,France (Jacques Letrange),0,0,0,EVER-061-34,1,EVER,China,1,N Col-NE Ridge,,,,0,0,0,1,1,1,1,1,1,8188,CHOY
Vitor,Negrete,Vitor Negrete,Brazil,,M,38,1967,19-May-06,2:00,2,19-May,5/19/06,AMS (8500m)(a),Descending from summit bid,1,8500,5,1,0,1,0,1,2006,1,2006 Spr,Successful bid,Success,Brazil (Rodrigo Raineri),0,0,0,EVER-061-46,2,EVER,China,1,N Col-NE Ridge,,,,1,1,1,1,1,1,1,1,1,8849,EVER
Igor,Plyushkin,Igor Plyushkin,Russia,,M,54,1952,22-May-06,11:30,11.5,22-May,5/22/06,AMS (7800m)(a),Descending from summit bid,1,7800,5,1,0,0,1,0,2006,1,2006 Spr,Aborted above high camp,Too Late in Day or Too Slow,Russia (Alex Abramov),0,0,0,EVER-061-89,21,EVER,China,1,N Col-NE Ridge,,,,0,0,0,0,0,0,0,0,0,0,
Thomas,Weber,Thomas Weber,Germany,,M,41,1964,25-May-06,10:00,10,25-May,5/25/06,Illness (non-AMS) (8700m),Descending from summit bid,10,8700,5,0,0,0,1,0,2006,1,2006 Spr,Aborted above high camp,Accident (Death or Injury to Self or Others),Russia (Alex Abramov),0,0,0,EVER-061-89,28,EVER,China,1,N Col-NE Ridge,,,,0,0,0,0,0,0,0,0,0,0,
Dawa,Sherpa,Dawa Sherpa (Mera),Nepal, (Mera),M,46,1960,26-Apr-07,,0,26-Apr,4/26/07,Falling Rock/Ice (7200m),Route preparation,8,7200,3,0,0,0,0,1,2007,1,2007 Spr,No summit bid,Accident (Death or Injury to Self or Others),Italy (Sergio Martini),1,1,0,EVER-071-95,2,EVER,Nepal,1,S Col-SE Ridge,,,,0,0,0,0,0,0,0,0,0,0,
Shinichi,Ishii,Shinichi Ishii,Japan,,M,63,1944,15-May-07,,0,15-May,5/15/07,AMS (8650m)(a),Descending from summit bid,1,8650,5,1,0,1,1,0,2007,1,2007 Spr,Successful bid,Success,Japan (Yoshitomi Okura),0,0,0,EVER-071-48,3,EVER,China,1,N Col-NE Ridge,,,,2,2,0,3,3,1,3,3,1,8700,EVER
Libor,Kozak,Libor Kozak,Czech Republic,,M,47,1960,16-May-07,8:30,8.5,16-May,5/16/07,AMS (8300m)(a),Descending from summit bid,1,8300,5,1,0,0,1,0,2007,1,2007 Spr,Aborted above high camp,"Altitude (AMS Symptoms, Breathing or Unwell)",Nepal (Asian Trekking (N)),0,0,0,EVER-071-61,6,EVER,China,1,N Col-NE Ridge,,,,0,0,0,1,1,0,1,1,0,7740,CHOY
Hyun-Jo,Lee,Hyun-Jo Lee,S Korea,,M,34,1973,16-May-07,1:45,1.75,16-May,5/16/07,Avalanche (7700m),Route preparation,7,7700,3,0,0,0,1,0,2007,1,2007 Spr,Aborted at high camp,Accident (Death or Injury to Self or Others),S Korea (Park Young-Seok),0,0,0,EVER-071-72,6,EVER,Nepal,1,SW Face,,,,1,1,1,3,3,2,3,3,2,8849,EVER
Yasuhiko,Mochizuki,Yasuhiko Mochizuki,Japan,,M,47,1960,16-May-07,,0,16-May,5/16/07,Unknown (7700m),Route preparation,12,7700,3,0,0,0,0,1,2007,1,2007 Spr,Aborted at high camp,Accident (Death or Injury to Self or Others),Nepal (Asian Trekking (N)),0,0,0,EVER-071-61,8,EVER,China,1,N Col-NE Ridge,,,,0,0,0,0,0,0,0,0,0,0,
Hee-Joon,Oh,Hee-Joon Oh,S Korea,,M,36,1970,16-May-07,1:45,1.75,16-May,5/16/07,Avalanche (7700m),Route preparation,7,7700,3,0,0,0,1,0,2007,1,2007 Spr,Aborted at high camp,Accident (Death or Injury to Self or Others),S Korea (Park Young-Seok),0,0,0,EVER-071-72,8,EVER,Nepal,1,SW Face,,,,1,1,1,5,5,5,5,5,5,8849,EVER
Pierangelo,Maurizio,Pierangelo Maurizio,Italy,,M,51,1955,17-May-07,15:00,15,17-May,5/17/07,Disappearance(8800m),Descending from summit bid,9,8800,5,0,0,1,1,0,2007,1,2007 Spr,Successful bid,Success,Italy (Ivan Tiraboschi),0,0,0,EVER-071-46,4,EVER,China,1,N Col-NE Ridge,,,,0,0,0,0,0,0,0,0,0,0,
Uwe Micha Johannes (Gianni),Goltz,Uwe Micha Johannes (Gianni) Goltz,Switzerland,,M,44,1963,22-May-08,1:30,1.5,22-May,5/22/08,Exhaustion (8100m)(a),Descending from summit bid,2,8100,5,1,0,1,1,0,2008,1,2008 Spr,Successful bid,Success,Switzerland (Kari Kobler),0,0,0,EVER-081-05,6,EVER,Nepal,1,S Col-SE Ridge,,,,0,0,0,5,5,5,3,3,3,8188,CHOY
Lhakpa Nuru,Sherpa,Lhakpa Nuru Sherpa (Phurte),Nepal, (Phurte),M,33,1975,7-May-09,10:30,10.5,7-May,5/7/09,Avalanche (5700m),Route preparation,7,5700,3,0,0,0,0,1,2009,1,2009 Spr,No summit bid,Accident (Death or Injury to Self or Others),Nepal (Dawa Steven Sherpa),1,1,0,EVER-091-01,22,EVER,Nepal,1,S Col-SE Ridge,,,,0,0,0,0,0,0,0,0,0,0,
Kazi Lama,Sherpa,Kazi Lama Sherpa (Taksindu-3),Nepal, (Taksindu-3),M,29,1979,11-May-09,,0,11-May,5/11/09,Illness (non-AMS) (5300m),Death at BC,10,5300,2,0,0,0,0,1,2009,1,2009 Spr,No summit bid,Did Not Climb or Intend to Smt,USA (Robert Link),1,1,0,EVER-091-61,5,EVER,Nepal,0,,,,,0,0,0,0,0,0,0,0,0,0,
Veslav,Chrzaszcz,Veslav Chrzaszcz,Czech Republic,,M,47,1961,18-May-09,19:00,19,18-May,5/18/09,Illness (non-AMS) (7000m),Route preparation,10,7000,3,0,0,0,0,1,2009,1,2009 Spr,No summit bid,Accident (Death or Injury to Self or Others),Czech Republic (Roman Poloch),0,0,0,EVER-091-79,2,EVER,China,1,N Col-NE Ridge,,,,0,0,0,1,1,0,0,0,0,7200,MAK2
Wen-Hong,Wu,Wen-Hong Wu,China,,M,40,,19-May-09,4:00,4,19-May,5/19/09,AMS (8750m)(a),Descending from summit bid,1,8750,5,1,0,1,1,0,2009,1,2009 Spr,Successful bid,Success,China (Nyima Tsering),0,0,0,EVER-091-02,21,EVER,China,1,N Col-NE Ridge,,,,0,0,0,0,0,0,0,0,0,0,
Frank,Ziebarth,Frank Ziebarth,Germany,,M,29,1980,21-May-09,,0,21-May,5/21/09,AMS (8700m)(a),Descending from summit bid,1,8700,5,1,0,1,0,1,2009,1,2009 Spr,Successful bid,Success,Germany (Frank Ziebarth),0,0,0,EVER-091-64,1,EVER,China,1,N Col-NE Ridge,,,,0,0,0,2,2,2,2,2,2,8516,LHOT
Laszlo Alfred (Konyi),Varkonyi,Laszlo Alfred (Konyi) Varkonyi,Hungary,,M,53,1956,26-Apr-10,12:00,12,26-Apr,4/26/10,Avalanche (6800m),Route preparation,7,6800,3,0,0,0,0,1,2010,1,2010 Spr,No summit bid,Accident (Death or Injury to Self or Others),Nepal (Hari Bahadur Basnet),0,0,0,EVER-101-02,12,EVER,China,1,N Col-NE Ridge,,,,5,5,0,6,6,1,6,6,1,8750,EVER
Hiroshi,Ogasawara,Hiroshi Ogasawara,Japan,,M,62,1947,25-May-10,1:30,1.5,25-May,5/25/10,Exhaustion (8400m),Descending from summit bid,2,8400,5,0,0,1,1,0,2010,1,2010 Spr,Successful bid,Success,Japan (Hiroshi Ogasawara),0,0,0,EVER-101-29,1,EVER,China,1,N Col-NE Ridge,,,,0,0,0,0,0,0,0,0,0,0,
Peter,Kinloch,Peter Kinloch,UK,,M,28,1981,26-May-10,2:00,2,26-May,5/26/10,Exhaustion (8600m)(a),Descending from summit bid,2,8600,5,1,0,1,1,0,2010,1,2010 Spr,Successful bid,Success,USA (Dan Mazur),0,0,0,EVER-101-71,11,EVER,China,1,N Col-NE Ridge,,,,0,0,0,0,0,0,0,0,0,0,
Rick Howe,Hitch,Rick Howe Hitch,USA,,M,55,1956,1-May-11,,0,1-May,5/1/11,Illness (non-AMS) (7300m),Route preparation,10,7300,3,0,0,0,0,1,2011,1,2011 Spr,No summit bid,Accident (Death or Injury to Self or Others),USA (Greg Vernovage),0,0,0,EVER-111-42,16,EVER,Nepal,1,S Col-SE Ridge,,,,0,0,0,0,0,0,0,0,0,0,
Shailendra Kumar,Upadhyay,Shailendra Kumar Upadhyay,Nepal,,M,81,1929,9-May-11,16:00,16,9-May,5/9/11,AMS (5600m)(a),Route preparation,1,5600,3,1,0,0,0,1,2011,1,2011 Spr,No summit bid,Accident (Death or Injury to Self or Others),Nepal (Shailendra Kumar Upadhyay),0,0,0,EVER-111-88,1,EVER,Nepal,1,S Col-SE Ridge,,,,0,0,0,0,0,0,0,0,0,0,
Takashi,Ozaki,Takashi Ozaki,Japan,,M,58,1952,12-May-11,14:45,14.75,12-May,5/12/11,AMS (8600m)(a),Descending from summit bid,1,8600,5,1,0,0,1,0,2011,1,2011 Spr,Aborted above high camp,"Altitude (AMS Symptoms, Breathing or Unwell)",Japan (Takashi Ozaki),0,0,0,EVER-111-67,1,EVER,Nepal,1,S Col-SE Ridge,,,,4,4,2,12,12,7,10,10,6,8849,EVER
John,Delaney,John Delaney,Ireland,,M,42,1969,21-May-11,4:30,4.5,21-May,5/21/11,Exhaustion (8750m),Descending from summit bid,2,8750,5,0,0,0,1,0,2011,1,2011 Spr,Aborted above high camp,Accident (Death or Injury to Self or Others),Russia (Alex Abramov),0,0,0,EVER-111-36,5,EVER,China,1,N Col-NE Ridge,,,,0,0,0,0,0,0,0,0,0,0,
Karsang Namgyal/Namgel,Sherpa,Karsang Namgyal/Namgel Sherpa (Thami),Nepal, (Thami),M,40,1971,17-Apr-12,,0,17-Apr,4/17/12,Illness (non-AMS) (5350m),Death at BC,10,5350,2,0,0,0,0,1,2012,1,2012 Spr,No summit bid,Did Not Climb or Intend to Smt,Iran (Reza Shahlaee),1,1,0,EVER-121-50,3,EVER,Nepal,0,,,,,0,0,0,0,0,0,0,0,0,0,
Ramesh Narad,Gulave,Ramesh Narad Gulave,India,,M,33,1979,20-Apr-12,,0,20-Apr,4/20/12,Illness (non-AMS) (5350m),Death at BC,10,5350,2,0,0,0,0,1,2012,1,2012 Spr,No summit bid,Other Illnesses or Pains,India (Shrihari Tapkir),0,0,0,EVER-121-42,4,EVER,Nepal,0,,,,,0,0,0,0,0,0,0,0,0,0,
Namgyal Tshering (Namgyal Chhiri),Sherpa,Namgyal Tshering (Namgyal Chhiri) Sherpa (Khumjung),Nepal, (Khumjung),M,29,1982,21-Apr-12,,0,21-Apr,4/21/12,Crevasse (6200m),Route preparation,5,6200,3,0,0,0,0,1,2012,1,2012 Spr,No summit bid,Accident (Death or Injury to Self or Others),Canada (Tim Rippel),1,1,0,EVER-121-67,20,EVER,Nepal,1,S Col-SE Ridge,,,,0,0,0,0,0,0,0,0,0,0,
Dawa Tenzing (Da Tenzing),Sherpa,Dawa Tenzing (Da Tenzing) Sherpa (Phortse),Nepal, (Phortse),M,41,1970,1-May-12,,0,1-May,5/1/12,Illness (non-AMS) (6200m),Route preparation,10,6200,3,0,0,0,0,1,2012,1,2012 Spr,No summit bid,Accident (Death or Injury to Self or Others),New Zealand (Russell Brice),1,1,0,EVER-121-66,31,EVER,Nepal,1,S Col-SE Ridge,,,,0,0,0,0,0,0,0,0,0,0,
Wen-Yi,Ha,Wen-Yi Ha,China,,M,54,1957,19-May-12,,0,19-May,5/19/12,Exhaustion (8400m),Descending from summit bid,2,8400,5,0,0,1,1,0,2012,1,2012 Spr,Successful bid,Success,China (Ha Wen-Yi),0,0,0,EVER-121-80,1,EVER,Nepal,1,S Col-SE Ridge,,,,0,0,0,0,0,0,0,0,0,0,
Erich Eberhard,Schaaf,Erich Eberhard Schaaf,Germany,,M,61,1950,19-May-12,15:00,15,19-May,5/19/12,AMS (8760m)(a),Descending from summit bid,1,8760,5,1,0,1,1,0,2012,1,2012 Spr,Successful bid,Success,"Nepal (Pertemba Sherpa, Asian Trekking Staff)",0,0,0,EVER-121-01,12,EVER,Nepal,1,S Col-SE Ridge,,,,0,0,0,1,1,0,1,1,0,8100,CHOY
Shriya,Shah-Klorfine,Ms. Shriya Shah-Klorfine,Canada,,F,33,1979,19-May-12,,0,19-May,5/19/12,Exhaustion (8400m),Descending from summit bid,2,8400,5,0,0,1,1,0,2012,1,2012 Spr,Successful bid,Success,Canada (Shriya Shah),0,0,0,EVER-121-47,1,EVER,Nepal,1,S Col-SE Ridge,,,,0,0,0,0,0,0,0,0,0,0,
Won-Bin,Song,Won-Bin Song,S Korea,,M,44,1968,19-May-12,,0,19-May,5/19/12,AMS (8400m)(a),Descending from summit bid,1,8400,5,1,0,1,1,0,2012,1,2012 Spr,Successful bid,Success,S Korea (Park Gye-Hoon),0,0,0,EVER-121-32,5,EVER,Nepal,1,S Col-SE Ridge,,,,0,0,0,0,0,0,0,0,0,0,
Ralf Dieter,Arnold,Ralf Dieter Arnold,Germany,,M,41,1970,20-May-12,,0,20-May,5/20/12,Fall (8700m),Descending from summit bid,4,8700,5,0,0,1,0,1,2012,1,2012 Spr,Successful bid,Success,Germany (Ralf Arnold),0,0,0,EVER-121-78,1,EVER,China,1,N Col-NE Ridge,,,,0,0,0,2,2,1,2,2,1,8188,CHOY
Juan Jose,Polo Carbayo,Juan Jose Polo Carbayo,Spain,,M,43,1969,20-May-12,,0,20-May,5/20/12,Exhaustion (8500m),Descending from summit bid,2,8500,5,0,0,1,1,0,2012,1,2012 Spr,Successful bid,Success,Spain (Juan Jose Polo Carbayo),0,0,0,EVER-121-79,1,EVER,China,1,N Col-NE Ridge,,,,0,0,0,0,0,0,0,0,0,0,
Mingma,Sherpa,Mingma Sherpa (Tapting),Nepal, (Tapting),M,44,1968,7-Apr-13,,0,7-Apr,4/7/13,Crevasse (5800m),Route preparation,5,5800,3,0,0,0,0,1,2013,1,2013 Spr,No summit bid,Accident (Death or Injury to Self or Others),Nepal (Sherpa Rope-Fixing & Icefall Team),1,1,0,EVER-131-03,6,EVER,Nepal,1,S Col-SE Ridge,,,,0,0,0,0,0,0,0,0,0,0,
Sergey,Ponomarev,Sergey Ponomarev,Russia,,M,43,1969,5-May-13,,0,5-May,5/5/13,Other (6500m),Death at BC,11,6500,2,0,0,0,0,1,2013,1,2013 Spr,No summit bid,Accident (Death or Injury to Self or Others),Russia (Alex Abramov),0,0,0,EVER-131-85,10,EVER,China,1,N Col-NE Ridge,,,,0,0,0,0,0,0,0,0,0,0,
Da Rita,Sherpa,Da Rita Sherpa (Phortse),Nepal, (Phortse),M,36,1976,5-May-13,,0,5-May,5/5/13,Illness (non-AMS) (7300m),Route preparation,10,7300,3,0,0,0,0,1,2013,1,2013 Spr,No summit bid,Accident (Death or Injury to Self or Others),USA (Greg Vernovage),1,1,0,EVER-131-81,48,EVER,Nepal,1,S Col-SE Ridge,,,,0,0,0,0,0,0,0,0,0,0,
Lobsang,Sherpa,Lobsang Sherpa (Kharikhola),Nepal, (Kharikhola),M,22,,7-May-13,,0,7-May,5/7/13,Fall (7500m),Route preparation,4,7500,3,0,0,0,0,1,2013,1,2013 Spr,,,China (Zhang Wei),1,1,0,EVER-131-19,15,EVER,Nepal,1,S Col-SE Ridge,,,,0,0,0,0,0,0,0,0,0,0,
Alexei,Bolotov,Alexei Bolotov,Russia,,M,50,1963,15-May-13,,0,15-May,5/15/13,Fall (5400m),Route preparation,4,5400,3,0,0,0,0,1,2013,1,2013 Spr,No summit bid,Accident (Death or Injury to Self or Others),Russia (Alexei Bolotov),0,0,0,EVER-131-58,1,EVER,Nepal,1,SW Face,,,,3,3,2,16,16,10,14,14,10,8849,EVER
Namgyal,Sherpa,Namgyal Sherpa (Rakha Bangdel-5),Nepal, (Rakha Bangdel-5),M,35,1977,16-May-13,8:00,8,16-May,5/16/13,Illness (non-AMS) (8200m),Descending from summit bid,10,8200,5,0,0,1,1,0,2013,1,2013 Spr,Successful bid,Success,UK (William McFatter),1,1,0,EVER-131-56,3,EVER,China,1,N Col-NE Ridge,,,,0,0,0,0,0,0,0,0,0,0,
Mohammed Khalid,Hossain,Mohammed Khalid Hossain,Bangladesh,,M,36,1976,21-May-13,5:00,5,21-May,5/21/13,AMS (8000m)(a),Descending from summit bid,1,8000,5,1,0,1,0,1,2013,1,2013 Spr,Successful bid,Success,Bangladesh (Mohammad Khaled Hossain),0,0,0,EVER-131-34,1,EVER,Nepal,1,S Col-SE Ridge,,,,1,1,0,2,2,0,2,2,0,7000,EVER
Sung-Ho,Seo,Sung-Ho Seo,S Korea,,M,33,1979,21-May-13,5:00,5,21-May,5/21/13,AMS (8000m)(a),Descending from summit bid,1,8000,5,1,0,1,0,1,2013,1,2013 Spr,Successful bid,Success,S Korea (Kim Chang-Ho),0,0,0,EVER-131-33,5,EVER,Nepal,1,S Col-SE Ridge,,,,1,1,1,10,10,9,9,9,8,8849,EVER
Mingma Tenzing,Sherpa,Mingma Tenzing Sherpa (Namche Bazar),Nepal, (Namche Bazar),M,26,1987,2-Apr-14,,0,2-Apr,4/2/14,AMS (5350m)(a),Death at BC,1,5350,2,1,0,0,0,1,2014,1,2014 Spr,No summit bid,Accident (Death or Injury to Self or Others),Canada (Tim Rippel),1,1,0,EVER-141-09,13,EVER,Nepal,0,,,,,0,0,0,0,0,0,0,0,0,0,
Aash Bahadur,Gurung,Aash Bahadur Gurung (Laprak-7),Nepal, (Laprak-7),M,0,,18-Apr-14,6:45,6.75,18-Apr,4/18/14,Avalanche (5800m),Route preparation,7,5800,3,0,0,0,0,1,2014,1,2014 Spr,No summit bid,Accident (Death or Injury to Self or Others),Brazil (Carlos Santalena),1,0,0,EVER-141-46,4,EVER,Nepal,1,S Col-SE Ridge,,,,0,0,0,0,0,0,0,0,0,0,
Dorje,Khatri,Dorje Khatri,Nepal,,M,45,1968,18-Apr-14,6:45,6.75,18-Apr,4/18/14,Avalanche (5800m),Route preparation,7,5800,3,0,0,0,0,1,2014,1,2014 Spr,No summit bid,Accident (Death or Injury to Self or Others),USA (Garrett Madison),1,0,0,EVER-141-08,3,EVER,Nepal,1,S Col-SE Ridge,,,,8,8,7,13,13,8,10,10,8,8849,EVER
Ang Kazi (Ankaji),Sherpa,Ang Kazi (Ankaji) Sherpa (Chitre),Nepal, (Chitre),M,35,1978,18-Apr-14,6:45,6.75,18-Apr,4/18/14,Avalanche (5800m),Route preparation,7,5800,3,0,0,0,0,1,2014,1,2014 Spr,No summit bid,Accident (Death or Injury to Self or Others),China (Zhang Jing-Chuan),1,1,0,EVER-141-34,8,EVER,Nepal,1,S Col-SE Ridge,,,,0,0,0,0,0,0,0,0,0,0,
Ang Tshiri,Sherpa,Ang Tshiri Sherpa (Thamo),Nepal, (Thamo),M,60,,18-Apr-14,6:45,6.75,18-Apr,4/18/14,Avalanche (5800m),Route preparation,7,5800,3,0,0,0,0,1,2014,1,2014 Spr,No summit bid,Accident (Death or Injury to Self or Others),USA (Eric Murphy),1,1,0,EVER-141-50,12,EVER,Nepal,1,S Col-SE Ridge,,,,0,0,0,0,0,0,0,0,0,0,
Chhiring Ongchu,Sherpa,Chhiring Ongchu Sherpa (Khumjung),Nepal, (Khumjung),M,33,1980,18-Apr-14,6:45,6.75,18-Apr,4/18/14,Avalanche (5800m),Route preparation,7,5800,3,0,0,0,0,1,2014,1,2014 Spr,No summit bid,Accident (Death or Injury to Self or Others),New Zealand (Dean Staples),1,1,0,EVER-141-14,10,EVER,Nepal,1,S Col-SE Ridge,,,,0,0,0,0,0,0,0,0,0,0,
Dorje,Sherpa,Dorje Sherpa (Namche-6),Nepal, (Namche-6),M,49,1964,18-Apr-14,6:45,6.75,18-Apr,4/18/14,Avalanche (5800m),Route preparation,7,5800,3,0,0,0,0,1,2014,1,2014 Spr,No summit bid,Accident (Death or Injury to Self or Others),USA (Ben Jones),1,1,0,EVER-141-06,7,EVER,Nepal,1,S Col-SE Ridge,,,,0,0,0,0,0,0,0,0,0,0,
Lhakpa Tenjing,Sherpa,Lhakpa Tenjing Sherpa (Khumjung),Nepal, (Khumjung),M,24,1989,18-Apr-14,6:45,6.75,18-Apr,4/18/14,Avalanche (5800m),Route preparation,7,5800,3,0,0,0,0,1,2014,1,2014 Spr,No summit bid,Accident (Death or Injury to Self or Others),New Zealand (Dean Staples),1,1,0,EVER-141-14,11,EVER,Nepal,1,S Col-SE Ridge,,,,0,0,0,0,0,0,0,0,0,0,
Mingma Nuru,Sherpa,Mingma Nuru Sherpa (Namche-4),Nepal, (Namche-4),M,31,1983,18-Apr-14,6:45,6.75,18-Apr,4/18/14,Avalanche (5800m),Route preparation,7,5800,3,0,0,0,0,1,2014,1,2014 Spr,No summit bid,Accident (Death or Injury to Self or Others),USA (Ben Jones),1,1,0,EVER-141-06,8,EVER,Nepal,1,S Col-SE Ridge,,,,0,0,0,0,0,0,0,0,0,0,
Ngima,Sherpa,Ngima Sherpa (Taksindu-3),Nepal, (Taksindu-3),M,27,1986,18-Apr-14,6:45,6.75,18-Apr,4/18/14,Avalanche (5800m),Route preparation,7,5800,3,0,0,0,0,1,2014,1,2014 Spr,No summit bid,Accident (Death or Injury to Self or Others),USA (Eric Murphy),1,1,0,EVER-141-50,14,EVER,Nepal,1,S Col-SE Ridge,,,,0,0,0,0,0,0,0,0,0,0,
Pasang Karma,Sherpa,Pasang Karma Sherpa (Bupsa),Nepal, (Bupsa),M,38,1975,18-Apr-14,6:45,6.75,18-Apr,4/18/14,Avalanche (5800m),Route preparation,7,5800,3,0,0,0,0,1,2014,1,2014 Spr,No summit bid,Accident (Death or Injury to Self or Others),UK (Chris Groves),1,1,0,EVER-141-07,13,EVER,Nepal,1,S Col-SE Ridge,,,,0,0,0,0,0,0,0,0,0,0,
Pem Tenji,Sherpa,Pem Tenji Sherpa (Chheskam-2),Nepal, (Chheskam-2),M,0,,18-Apr-14,6:45,6.75,18-Apr,4/18/14,Avalanche (5800m),Route preparation,7,5800,3,0,0,0,0,1,2014,1,2014 Spr,No summit bid,Accident (Death or Injury to Self or Others),China (Zhang Jing-Chuan),1,1,0,EVER-141-34,9,EVER,Nepal,1,S Col-SE Ridge,,,,0,0,0,0,0,0,0,0,0,0,
Phur Temba,Sherpa,Phur Temba Sherpa (Yaphu-9),Nepal, (Yaphu-9),M,24,1989,18-Apr-14,6:45,6.75,18-Apr,4/18/14,Avalanche (5800m),Route preparation,7,5800,3,0,0,0,0,1,2014,1,2014 Spr,No summit bid,Accident (Death or Injury to Self or Others),USA (Garrett Madison),1,1,0,EVER-141-08,4,EVER,Nepal,1,S Col-SE Ridge,,,,0,0,0,0,0,0,0,0,0,0,
Phurba Ongyal,Sherpa,Phurba Ongyal Sherpa (Pangboche),Nepal, (Pangboche),M,25,1988,18-Apr-14,6:45,6.75,18-Apr,4/18/14,Avalanche (5800m),Route preparation,7,5800,3,0,0,0,0,1,2014,1,2014 Spr,No summit bid,Accident (Death or Injury to Self or Others),New Zealand (Dean Staples),1,1,0,EVER-141-14,12,EVER,Nepal,1,S Col-SE Ridge,,,,0,0,0,0,0,0,0,0,0,0,
Tenzing Chhetar,Sherpa,Tenzing Chhetar Sherpa (Yilajung),Nepal, (Yilajung),M,25,1989,18-Apr-14,6:45,6.75,18-Apr,4/18/14,Avalanche (5800m),Route preparation,7,5800,3,0,0,0,0,1,2014,1,2014 Spr,No summit bid,Accident (Death or Injury to Self or Others),USA (Eric Murphy),1,1,0,EVER-141-50,15,EVER,Nepal,1,S Col-SE Ridge,,,,0,0,0,0,0,0,0,0,0,0,
Thendorje (Thendu Dorje),Sherpa,Thendorje (Thendu Dorje) Sherpa (Pangboche),Nepal, (Pangboche),M,30,1983,18-Apr-14,6:45,6.75,18-Apr,4/18/14,Avalanche (5800m),Route preparation,7,5800,3,0,0,0,0,1,2014,1,2014 Spr,No summit bid,Accident (Death or Injury to Self or Others),USA (Garrett Madison),1,1,0,EVER-141-08,5,EVER,Nepal,1,S Col-SE Ridge,,,,0,0,0,0,0,0,0,0,0,0,
Chhewang,Sherpa,Chhewang Sherpa (Nunthala),Nepal, (Nunthala),M,19,1995,1-May-14,,0,1-May,5/1/14,Other,Expedition evacuation,11,0,6,0,0,0,0,1,2014,1,2014 Spr,No summit bid,Accident (Death or Injury to Self or Others),New Zealand (Dean Staples),1,1,0,EVER-141-14,9,EVER,Nepal,1,S Col-SE Ridge,,,,0,0,0,0,0,0,0,0,0,0,
Tenjin,Bhote,Tenjin Bhote (Chepuwa-1),Nepal, (Chepuwa-1),M,29,1985,24-Apr-15,11:55,11.92,24-Apr,4/24/15,Avalanche (5350m),Death at BC,7,5350,2,0,0,0,0,1,2015,1,2015 Spr,No summit bid,Accident (Death or Injury to Self or Others),UK (Tim Mosedale),1,0,1,EVER-151-54,9,EVER,Nepal,0,,,,,0,0,0,0,0,0,0,0,0,0,
Renu,Fotedar,Ms. Renu Fotedar,Australia,,F,59,1955,25-Apr-15,11:50,11.83,25-Apr,4/25/15,Avalanche (5350m),Death at BC,7,5350,2,0,0,0,0,1,2015,1,2015 Spr,No summit bid,Accident (Death or Injury to Self or Others),China (Ma Li-Yamu),0,0,0,EVER-151-61,2,EVER,Nepal,0,,,,,0,0,0,0,0,0,0,0,0,0,
Daniel Paul (Dan),Fredinberg,Daniel Paul (Dan) Fredinberg,USA,,M,33,1981,25-Apr-15,11:50,11.83,25-Apr,4/25/15,Avalanche (5350m),Death at BC,7,5350,2,0,0,0,0,1,2015,1,2015 Spr,No summit bid,Other,UK (David Hamilton),0,0,0,EVER-151-25,7,EVER,Nepal,0,,,,,0,0,0,0,0,0,0,0,0,0,
Marisa Eve,Girawong,Ms. Marisa Eve Girawong,USA,,F,28,1986,25-Apr-15,11:55,11.92,25-Apr,4/25/15,Avalanche (5350m),Death at BC,7,5350,2,0,0,0,0,1,2015,1,2015 Spr,No summit bid,Did Not Climb or Intend to Smt,USA (Garrett Madison),0,0,0,EVER-151-68,11,EVER,Nepal,0,,,,,0,0,0,0,0,0,0,0,0,0,
Krishna Kumar Kulung,Rai,Krishna Kumar Kulung Rai,Nepal,,M,32,1982,25-Apr-15,11:55,11.92,25-Apr,4/25/15,Avalanche (5350m),Death at BC,7,5350,2,0,0,0,0,1,2015,1,2015 Spr,No summit bid,Did Not Climb or Intend to Smt,UK (Tim Mosedale),1,0,0,EVER-151-54,11,EVER,Nepal,0,,,,,0,0,0,1,1,0,0,0,0,0,
Maila,Rai,Maila Rai,Nepal,,M,41,1973,25-Apr-15,11:55,11.92,25-Apr,4/25/15,Avalanche (5350m),Death at BC,7,5350,2,0,0,0,0,1,2015,1,2015 Spr,No summit bid,Did Not Climb or Intend to Smt,New Zealand (Guy Cotter),1,0,0,EVER-151-59,17,EVER,Nepal,0,,,,,0,0,0,0,0,0,0,0,0,0,
Chhimi Dawa,Sherpa,Chhimi Dawa Sherpa (Bung-9),Nepal, (Bung-9),M,47,1967,25-Apr-15,11:55,11.92,25-Apr,4/25/15,Avalanche (5350m),Death at BC,7,5350,2,0,0,0,0,1,2015,1,2015 Spr,No summit bid,Accident (Death or Injury to Self or Others),New Zealand (Guy Cotter),1,1,0,EVER-151-59,22,EVER,Nepal,0,,,,,0,0,0,0,0,0,0,0,0,0,
Dawa Chhiri,Sherpa,Dawa Chhiri Sherpa (Chaurikharka-2),Nepal, (Chaurikharka-2),M,25,1989,25-Apr-15,11:55,11.92,25-Apr,4/25/15,Avalanche (5350m),Death at BC,7,5350,2,0,0,0,0,1,2015,1,2015 Spr,No summit bid,Accident (Death or Injury to Self or Others),New Zealand (Guy Cotter),1,1,0,EVER-151-59,23,EVER,Nepal,0,,,,,0,0,0,0,0,0,0,0,0,0,
Jangbu,Sherpa,Jangbu Sherpa (Taksindu-5),Nepal, (Taksindu-5),M,53,1961,25-Apr-15,11:55,11.92,25-Apr,4/25/15,Avalanche (5350m),Death at BC,7,5350,2,0,0,0,0,1,2015,1,2015 Spr,No summit bid,Did Not Climb or Intend to Smt,New Zealand (Guy Cotter),1,1,0,EVER-151-59,26,EVER,Nepal,0,,,,,0,0,0,0,0,0,0,0,0,0,
Lhakpa Chhiring,Sherpa,Lhakpa Chhiring Sherpa (Khunde),Nepal, (Khunde),M,33,1982,25-Apr-15,11:55,11.92,25-Apr,4/25/15,Avalanche (5350m),Death at BC,7,5350,2,0,0,0,0,1,2015,1,2015 Spr,No summit bid,Accident (Death or Injury to Self or Others),China (Ma Li-Yamu),1,1,0,EVER-151-61,7,EVER,Nepal,0,,,,,0,0,0,0,0,0,0,0,0,0,
Pasang Temba,Sherpa,Pasang Temba Sherpa (Tengboche),Nepal, (Tengboche),M,62,1952,25-Apr-15,11:55,11.92,25-Apr,4/25/15,Avalanche (5350m),Death at BC,7,5350,2,0,0,0,0,1,2015,1,2015 Spr,No summit bid,Did Not Climb or Intend to Smt,UK (Tim Mosedale),1,1,0,EVER-151-54,15,EVER,Nepal,0,,,,,0,0,0,0,0,0,0,0,0,0,
Pemba,Sherpa,Pemba Sherpa (Taksindu-5),Nepal, (Taksindu-5),M,19,1996,25-Apr-15,11:55,11.92,25-Apr,4/25/15,Avalanche (5350m),Death at BC,7,5350,2,0,0,0,0,1,2015,1,2015 Spr,No summit bid,Did Not Climb or Intend to Smt,New Zealand (Guy Cotter),1,1,0,EVER-151-59,35,EVER,Nepal,0,,,,,0,0,0,0,0,0,0,0,0,0,
Pemba Yishi (Hissi),Sherpa,Pemba Yishi (Hissi) Sherpa (Bung-9),Nepal, (Bung-9),M,33,1982,25-Apr-15,11:55,11.92,25-Apr,4/25/15,Avalanche (5350m),Death at BC,7,5350,2,0,0,0,0,1,2015,1,2015 Spr,No summit bid,Accident (Death or Injury to Self or Others),New Zealand (Guy Cotter),1,1,0,EVER-151-59,36,EVER,Nepal,0,,,,,0,0,0,0,0,0,0,0,0,0,
Shiva Kumar,Shrestha,Shiva Kumar Shrestha,Nepal,,M,25,1989,25-Apr-15,11:55,11.92,25-Apr,4/25/15,Avalanche (5350m),Death at BC,7,5350,2,0,0,0,0,1,2015,1,2015 Spr,No summit bid,Did Not Climb or Intend to Smt,Nepal (Gopal Shrestha),1,0,0,EVER-151-62,2,EVER,Nepal,0,,,,,0,0,0,0,0,0,0,0,0,0,
Eric Ary,Arnold,Eric Ary Arnold,Netherlands,,M,36,1980,20-May-16,9:00,9,20-May,5/20/16,AMS (7900m)(a),Descending from summit bid,1,7900,5,1,0,1,1,0,2016,1,2016 Spr,Successful bid,Success,Netherlands (Arnold Coster),0,0,0,EVER-161-05,2,EVER,Nepal,1,S Col-SE Ridge,,,,3,2,0,4,3,0,4,3,0,8500,EVER
Goutam,Ghosh,Goutam Ghosh,India,,M,50,1966,21-May-16,,0,21-May,5/21/16,Disappearance(8700m),Ascending in summit bid,9,8700,4,0,0,0,1,0,2016,1,2016 Spr,Aborted above high camp,Accident (Death or Injury to Self or Others),India (Paresh Chandra Nath),0,0,0,EVER-161-48,2,EVER,Nepal,1,S Col-SE Ridge,,,,3,1,0,3,1,0,3,1,0,7200,EVER
Paresh Chandra,Nath,Paresh Chandra Nath,India,,M,58,1958,21-May-16,,0,21-May,5/21/16,Disappearance(8700m),Ascending in summit bid,9,8700,4,0,0,0,1,0,2016,1,2016 Spr,Aborted above high camp,Accident (Death or Injury to Self or Others),India (Paresh Chandra Nath),0,0,0,EVER-161-48,1,EVER,Nepal,1,S Col-SE Ridge,,,,1,0,0,1,0,0,1,0,0,0,
Subhas,Paul,Subhas Paul,India,,M,43,1972,21-May-16,,0,21-May,5/21/16,Exhaustion (8760m),Descending from summit bid,2,8760,5,0,0,1,1,0,2016,1,2016 Spr,Successful bid,Success,India (Paresh Chandra Nath),0,0,0,EVER-161-48,4,EVER,Nepal,1,S Col-SE Ridge,,,,1,0,0,1,0,0,1,0,0,0,
Maria Elizabeth,Strydom,Ms. Maria Elizabeth Strydom,Australia,,F,34,1981,21-May-16,10:30,10.5,21-May,5/21/16,AMS (7800m)(a),Descending from summit bid,1,7800,5,1,0,0,1,0,2016,1,2016 Spr,Aborted above high camp,"Altitude (AMS Symptoms, Breathing or Unwell)",Netherlands (Arnold Coster),0,0,0,EVER-161-05,7,EVER,Nepal,1,S Col-SE Ridge,,,,0,0,0,0,0,0,0,0,0,0,
Min Bahadur,Sherchan,Min Bahadur Sherchan,Nepal,,M,85,1931,6-May-17,17:14,17.23,6-May,5/6/17,Illness (non-AMS) (5350m),Death at BC,10,5350,2,0,0,0,0,1,2017,1,2017 Spr,No summit bid,Accident (Death or Injury to Self or Others),Nepal (Min Bahadur Sherchan),0,0,0,EVER-171-47,1,EVER,Nepal,0,,,,,3,1,1,3,1,1,3,1,1,8849,EVER
Ravi,Kumar,Ravi Kumar,India,,M,26,1990,20-May-17,20:00,20,20-May,5/20/17,Exhaustion (8400m)(a),Descending from summit bid,2,8400,5,1,0,1,1,0,2017,1,2017 Spr,Successful bid,Success,India (Ravi Kumar),0,0,0,EVER-171-48,1,EVER,Nepal,1,S Col-SE Ridge,,,,0,0,0,0,0,0,0,0,0,0,
Roland Anthony,Yearwood,Roland Anthony Yearwood,USA,,M,50,1966,20-May-17,23:59,23.98,20-May,5/20/17,AMS (8400m)(a),Descending from summit bid,1,8400,5,1,0,0,1,0,2017,1,2017 Spr,Aborted above high camp,"Altitude (AMS Symptoms, Breathing or Unwell)",USA (Dan Mazur),0,0,0,EVER-171-20,16,EVER,Nepal,1,S Col-SE Ridge,,,,1,0,0,1,0,0,1,0,0,6400,EVER
Francesco Enrico (Frank),Marchetti,Francesco Enrico (Frank) Marchetti,Australia,,M,53,1963,21-May-17,,0,21-May,5/21/17,AMS (8220m)(a),Descending from summit bid,1,8220,5,1,0,0,1,0,2017,1,2017 Spr,Aborted above high camp,"Altitude (AMS Symptoms, Breathing or Unwell)",Australia (Frank Marchetti),0,0,0,EVER-171-87,1,EVER,China,1,N Col-NE Ridge,,,,1,0,0,1,0,0,1,0,0,6400,EVER
Vladimir (Vlado),Strba,Vladimir (Vlado) Strba,Slovakia,,M,48,1968,21-May-17,17:00,17,21-May,5/21/17,AMS (7900m)(a),Descending from summit bid,1,7900,5,1,0,0,0,1,2017,1,2017 Spr,Aborted above high camp,"Exhaustion, Fatigue, Weakness or Lack of Motivatio",Slovakia (Vladimir Strba),0,0,0,EVER-171-45,1,EVER,Nepal,1,S Col-SE Ridge,,,,1,1,0,7,7,1,6,6,1,8188,CHOY
Goht Khuber,Rai,Goht Khuber Rai,Nepal,,M,0,,27-May-17,,0,27-May,5/27/17,Illness (non-AMS) (5350m),Death at BC,10,5350,2,0,0,0,0,1,2017,1,2017 Spr,No summit bid,Did Not Climb or Intend to Smt,USA (Ben Jones),1,0,0,EVER-171-11,9,EVER,Nepal,0,,,,,0,0,0,0,0,0,0,0,0,0,
Lama Babu,Sherpa,Lama Babu Sherpa (Sakpharma),Nepal, (Sakpharma),M,48,1969,14-May-18,,0,14-May,5/14/18,Fall (8750m),Descending from summit bid,4,8750,5,0,0,1,1,0,2018,1,2018 Spr,Successful bid,Success,Ukraine (Taras Pozdnii),1,1,0,EVER-181-21,5,EVER,Nepal,1,S Col-SE Ridge,,,,0,0,0,0,0,0,0,0,0,0,
Pasang Nuru,Sherpa,Pasang Nuru Sherpa (Kharikhola),Nepal, (Kharikhola),M,40,1977,17-May-18,,0,17-May,5/17/18,Exhaustion (8550m)(a),Ascending in summit bid,2,8550,4,1,0,0,1,0,2018,1,2018 Spr,Aborted above high camp,Accident (Death or Injury to Self or Others),Russia (Alex Abramov),1,1,0,EVER-181-66,54,EVER,China,1,N Col-NE Ridge,,,,0,0,0,0,0,0,0,0,0,0,
Nobukazu,Kuriki,Nobukazu Kuriki,Japan,,M,35,1982,20-May-18,23:30,23.5,20-May,5/20/18,Fall (7200m),Route preparation,4,7200,3,0,0,0,0,1,2018,1,2018 Spr,Aborted below high camp,Accident (Death or Injury to Self or Others),Japan (Nobukazu Kuriki),0,0,0,EVER-181-59,1,EVER,Nepal,1,SW Face,,,,8,8,0,13,13,2,13,13,2,8188,CHOY
Georgi,Petkov,Georgi Petkov,Macedonia,,M,62,1956,20-May-18,14:00,14,20-May,5/20/18,Illness (non-AMS) (7500m),Descending from summit bid,10,7500,5,0,0,0,1,0,2018,1,2018 Spr,Aborted below high camp,Accident (Death or Injury to Self or Others),UK (Tim Mosedale),0,0,0,EVER-181-10,7,EVER,Nepal,1,S Col-SE Ridge,,,,0,0,0,0,0,0,0,0,0,0,
Damai Sarki,Sherpa,Damai Sarki Sherpa (Jubing-5),Nepal, (Jubing-5),M,30,1988,21-May-18,17:00,17,21-May,5/21/18,Crevasse (6440m),Descending from summit bid,5,6440,5,0,0,1,1,0,2018,1,2018 Spr,Successful bid,Success,Brazil (Carlos Santalena),1,1,0,EVER-181-24,8,EVER,Nepal,1,S Col-SE Ridge,,,,0,0,0,0,0,0,0,0,0,0,
Seamus Sean,Lawless,Seamus Sean Lawless,Ireland,,M,39,1979,16-May-19,16:00,16,16-May,5/16/19,Fall (7900m),Descending from summit bid,4,7900,5,0,0,1,1,0,2019,1,2019 Spr,Successful bid,Success,Ireland (Noel Hanna),0,0,0,EVER-191-19,4,EVER,Nepal,0,,,,,0,0,0,0,0,0,0,0,0,0,
Ravi,Thakur,Ravi Thakur,India,,M,27,1991,16-May-19,11:00,11,16-May,5/16/19,AMS (7900m)(a),Descending from summit bid,1,7900,5,1,0,1,1,0,2019,1,2019 Spr,Successful bid,Success,Canada (Dalip Shekhawat),0,0,0,EVER-191-18,16,EVER,Nepal,1,S Col-SE Ridge,,,,0,0,0,0,0,0,0,0,0,0,
Donald Lynn,Cash,Donald Lynn Cash,USA,,M,54,1964,22-May-19,,0,22-May,5/22/19,Exhaustion (8760m)(a),Descending from summit bid,2,8760,5,1,0,1,1,0,2019,1,2019 Spr,Successful bid,Success,Pakistan (Mirza Ali Baig),0,0,0,EVER-191-28,2,EVER,Nepal,1,S Col-SE Ridge,,,,0,0,0,0,0,0,0,0,0,0,
Anjali Sharad,Kulkarni,Ms. Anjali Sharad Kulkarni,India,,F,53,1965,22-May-19,,0,22-May,5/22/19,Exhaustion (8400m)(a),Ascending in summit bid,2,8400,4,1,0,0,1,0,2019,1,2019 Spr,Aborted above high camp,"Exhaustion, Fatigue, Weakness or Lack of Motivatio",India (Kishor Dhankude),0,0,0,EVER-191-33,3,EVER,Nepal,1,S Col-SE Ridge,,,,0,0,0,0,0,0,0,0,0,0,
Nihal Ashpak,Bagwan,Nihal Ashpak Bagwan,India,,M,26,1992,23-May-19,,0,23-May,5/23/19,Exhaustion (7900m)(a),Descending from summit bid,2,7900,5,1,0,1,1,0,2019,1,2019 Spr,Successful bid,Success,India (Rahul Inamdar),0,0,0,EVER-191-38,2,EVER,Nepal,1,S Col-SE Ridge,,,,1,1,0,1,1,0,1,1,0,0,
Kalpana,Dash,Ms. Kalpana Dash,India,,F,52,1966,23-May-19,,0,23-May,5/23/19,Exhaustion (8400m)(a),Descending from summit bid,2,8400,5,1,0,1,1,0,2019,1,2019 Spr,Successful bid,Success,China (Ma Li-Yamu),0,0,0,EVER-191-26,2,EVER,Nepal,1,S Col-SE Ridge,,,,3,3,1,3,3,1,3,3,1,8849,EVER
Kevin Gerard,Hynes,Kevin Gerard Hynes,Ireland,,M,56,1963,23-May-19,,0,23-May,5/23/19,Exhaustion (7000m)(a),Descending from summit bid,2,7000,5,1,0,0,1,0,2019,1,2019 Spr,Aborted above high camp,"Exhaustion, Fatigue, Weakness or Lack of Motivatio",Australia (Rolfe Oostra),0,0,0,EVER-191-73,2,EVER,China,1,N Col-NE Ridge,,,,1,1,1,1,1,1,1,1,1,8849,EVER
Ernst,Landgraf,Ernst Landgraf,Austria,,M,64,1954,23-May-19,,0,23-May,5/23/19,Fall (8680m),Descending from summit bid,4,8680,5,0,0,1,1,0,2019,1,2019 Spr,Successful bid,Success,"Switzerland (Kari Kobler, Andreas Neuschmid)",0,0,0,EVER-191-60,6,EVER,China,1,N Col-NE Ridge,,,,0,0,0,0,0,0,0,0,0,0,
Dhruba,Bista,Dhruba Bista,Nepal,,M,32,1986,24-May-19,,0,24-May,5/24/19,AMS (7100m)(a),Descending from summit bid,1,7100,5,1,0,0,1,0,2019,1,2019 Spr,Aborted below high camp,Accident (Death or Injury to Self or Others),USA (John All),1,0,0,EVER-191-39,4,EVER,Nepal,1,S Col-SE Ridge,,,,0,0,0,2,2,2,0,0,0,6814,AMAD
Robin Haynes,Fisher,Robin Haynes Fisher,UK,,M,44,1975,25-May-19,,0,25-May,5/25/19,AMS (8700m)(a),Descending from summit bid,1,8700,5,1,0,1,1,0,2019,1,2019 Spr,Successful bid,Success,UK (Dani Fuller),0,0,0,EVER-191-14,4,EVER,Nepal,1,S Col-SE Ridge,,,,0,0,0,0,0,0,0,0,0,0,
Christopher Jon,Kulish,Christopher Jon Kulish,USA,,M,62,1957,27-May-19,16:00,16,27-May,5/27/19,AMS (7900m)(a),Descending from summit bid,1,7900,5,1,0,1,1,0,2019,1,2019 Spr,Successful bid,Success,USA (Mike Hamill),0,0,0,EVER-191-17,14,EVER,Nepal,1,S Col-SE Ridge,,,,0,0,0,0,0,0,0,0,0,0,
Puwei,Liu,Puwei Liu,USA,,M,54,1966,12-May-21,,0,12-May,5/12/21,Exhaustion (7950m),Descending from summit bid,2,7950,5,0,0,0,1,0,2021,1,2021 Spr,Aborted above high camp,"Frostbite, Snowblindness or Coldness",India (Umesh Zirpe),0,0,0,EVER-211-25,19,EVER,Nepal,0,,,,,0,0,0,2,2,1,1,1,1,8163,MANA
Abdul Waheed,Waraich,Abdul Waheed Waraich,Switzerland,,M,41,1980,12-May-21,,0,12-May,5/12/21,Exhaustion (8700m),Descending from summit bid,2,8700,5,0,0,1,1,0,2021,1,2021 Spr,Successful bid,Success,India (Umesh Zirpe),0,0,0,EVER-211-25,35,EVER,Nepal,0,,,,,0,0,0,0,0,0,0,0,0,0,
Pemba Tashi,Sherpa,Pemba Tashi Sherpa (Yaphu-6),Nepal, (Yaphu-6),M,27,1993,18-May-21,,0,18-May,5/18/21,Crevasse (6200m),Route preparation,5,6200,3,0,0,1,1,0,2021,1,2021 Spr,Successful bid,Success,USA (Mike Hamill),1,1,0,EVER-211-09,46,EVER,Nepal,1,S Col-SE Ridge,,,,0,0,0,0,0,0,0,0,0,0,
Wang Dorchi,Sherpa,Wang Dorchi Sherpa (Makalu-Barun),Nepal, (Makalu-Barun),M,0,,23-May-21,,0,23-May,5/23/21,Illness (non-AMS) (8000m),Descending from summit bid,10,8000,5,0,0,1,1,0,2021,1,2021 Spr,Successful bid,Success,Russia (Alex Abramov),1,1,0,EVER-211-12,26,EVER,Nepal,1,S Col-SE Ridge,,,,0,0,0,0,0,0,0,0,0,0,